Date,Open,Close,Ticker
2016-03-31,34.43000030517578,35.31999969482422,HFC
2016-04-01,34.4900016784668,34.20000076293945,HFC
2016-04-02,34.13600082397461,34.072000885009764,HFC
2016-04-03,34.00800094604492,33.944001007080075,HFC
2016-04-04,33.880001068115234,34.54999923706055,HFC
2016-04-05,34.34000015258789,33.959999084472656,HFC
2016-04-06,34.04999923706055,34.06999969482422,HFC
2016-04-07,33.9900016784668,34.279998779296875,HFC
2016-04-08,34.68000030517578,35.310001373291016,HFC
2016-04-09,35.38400115966797,35.45800094604492,HFC
2016-04-10,35.53200073242188,35.60600051879883,HFC
2016-04-11,35.68000030517578,34.619998931884766,HFC
2016-04-12,34.66999816894531,35.31999969482422,HFC
2016-04-13,35.58000183105469,35.93000030517578,HFC
2016-04-14,36.060001373291016,35.439998626708984,HFC
2016-04-15,35.119998931884766,34.09000015258789,HFC
2016-04-16,33.98400039672852,33.87800064086914,HFC
2016-04-17,33.77200088500977,33.66600112915039,HFC
2016-04-18,33.560001373291016,34.7599983215332,HFC
2016-04-19,34.83000183105469,34.83000183105469,HFC
2016-04-20,34.7400016784668,35.290000915527344,HFC
2016-04-21,35.290000915527344,36.04999923706055,HFC
2016-04-22,36.15999984741211,36.220001220703125,HFC
2016-04-23,36.21600112915039,36.21200103759766,HFC
2016-04-24,36.20800094604492,36.204000854492186,HFC
2016-04-25,36.20000076293945,36.66999816894531,HFC
2016-04-26,36.9900016784668,37.119998931884766,HFC
2016-04-27,37.20000076293945,37.380001068115234,HFC
2016-04-28,37.279998779296875,36.380001068115234,HFC
2016-04-29,36.25,35.599998474121094,HFC
2016-04-30,35.577999114990234,35.555999755859375,HFC
2016-05-01,35.534000396728516,35.512001037597656,HFC
2016-05-02,35.4900016784668,35.4900016784668,HFC
2016-05-03,34.810001373291016,34.41999816894531,HFC
2016-05-04,33.310001373291016,31.15999984741211,HFC
2016-05-05,31.329999923706055,30.040000915527344,HFC
2016-05-06,29.6200008392334,29.8799991607666,HFC
2016-05-07,29.839999389648437,29.799999618530272,HFC
2016-05-08,29.75999984741211,29.720000076293946,HFC
2016-05-09,29.68000030517578,28.049999237060547,HFC
2016-05-10,28.450000762939453,29.020000457763672,HFC
2016-05-11,29.020000457763672,29.25,HFC
2016-05-12,29.360000610351562,28.0,HFC
2016-05-13,27.979999542236328,28.1200008392334,HFC
2016-05-14,28.156000518798827,28.19200019836426,HFC
2016-05-15,28.227999877929687,28.26399955749512,HFC
2016-05-16,28.299999237060547,27.739999771118164,HFC
2016-05-17,27.739999771118164,27.93000030517578,HFC
2016-05-18,28.3799991607666,28.510000228881836,HFC
2016-05-19,28.350000381469727,27.520000457763672,HFC
2016-05-20,27.530000686645508,27.84000015258789,HFC
2016-05-21,27.792000198364256,27.744000244140626,HFC
2016-05-22,27.69600028991699,27.64800033569336,HFC
2016-05-23,27.600000381469727,27.360000610351562,HFC
2016-05-24,27.65999984741211,27.860000610351562,HFC
2016-05-25,27.670000076293945,27.280000686645508,HFC
2016-05-26,27.3700008392334,26.610000610351562,HFC
2016-05-27,26.479999542236328,26.959999084472656,HFC
2016-05-28,26.964284896850586,26.968570709228516,HFC
2016-05-29,26.972856521606445,26.977142333984375,HFC
2016-05-30,26.981428146362305,26.985713958740234,HFC
2016-05-31,26.989999771118164,26.760000228881836,HFC
2016-06-01,26.610000610351562,28.149999618530273,HFC
2016-06-02,27.829999923706055,27.950000762939453,HFC
2016-06-03,28.040000915527344,27.1200008392334,HFC
2016-06-04,27.164000701904296,27.208000564575194,HFC
2016-06-05,27.252000427246095,27.296000289916993,HFC
2016-06-06,27.34000015258789,27.110000610351562,HFC
2016-06-07,27.280000686645508,27.530000686645508,HFC
2016-06-08,27.760000228881836,26.780000686645508,HFC
2016-06-09,26.540000915527344,26.84000015258789,HFC
2016-06-10,26.459999084472656,27.030000686645508,HFC
2016-06-11,26.984000396728515,26.938000106811522,HFC
2016-06-12,26.891999816894533,26.84599952697754,HFC
2016-06-13,26.799999237060547,24.979999542236328,HFC
2016-06-14,24.940000534057617,24.670000076293945,HFC
2016-06-15,24.270000457763672,25.09000015258789,HFC
2016-06-16,24.760000228881836,24.760000228881836,HFC
2016-06-17,24.780000686645508,24.100000381469727,HFC
2016-06-18,24.186000442504884,24.27200050354004,HFC
2016-06-19,24.358000564575196,24.44400062561035,HFC
2016-06-20,24.530000686645508,24.219999313354492,HFC
2016-06-21,24.290000915527344,24.399999618530273,HFC
2016-06-22,24.43000030517578,24.260000228881836,HFC
2016-06-23,24.610000610351562,24.799999237060547,HFC
2016-06-24,23.979999542236328,24.15999984741211,HFC
2016-06-25,24.09799995422363,24.036000061035157,HFC
2016-06-26,23.97400016784668,23.912000274658205,HFC
2016-06-27,23.850000381469727,22.920000076293945,HFC
2016-06-28,23.1299991607666,23.899999618530273,HFC
2016-06-29,23.899999618530273,23.959999084472656,HFC
2016-06-30,23.959999084472656,23.770000457763672,HFC
2016-07-01,23.729999542236328,24.229999542236328,HFC
2016-07-02,24.197142464773997,24.16428538731166,HFC
2016-07-03,24.13142830984933,24.098571232387,HFC
2016-07-04,24.065714154924667,24.03285707746233,HFC
2016-07-05,24.0,23.149999618530273,HFC
2016-07-06,22.959999084472656,22.950000762939453,HFC
2016-07-07,23.1200008392334,22.309999465942383,HFC
2016-07-08,22.510000228881836,22.719999313354492,HFC
2016-07-09,22.747999572753905,22.77599983215332,HFC
2016-07-10,22.804000091552734,22.83200035095215,HFC
2016-07-11,22.860000610351562,23.1299991607666,HFC
2016-07-12,23.31999969482422,23.31999969482422,HFC
2016-07-13,23.31999969482422,24.40999984741211,HFC
2016-07-14,24.649999618530273,24.979999542236328,HFC
2016-07-15,25.059999465942383,24.020000457763672,HFC
2016-07-16,24.01600036621094,24.012000274658202,HFC
2016-07-17,24.00800018310547,24.004000091552733,HFC
2016-07-18,24.0,24.31999969482422,HFC
2016-07-19,24.260000228881836,24.360000610351562,HFC
2016-07-20,24.389999389648438,23.989999771118164,HFC
2016-07-21,24.020000457763672,23.989999771118164,HFC
2016-07-22,24.059999465942383,24.1200008392334,HFC
2016-07-23,24.094000625610352,24.068000411987306,HFC
2016-07-24,24.042000198364256,24.01599998474121,HFC
2016-07-25,23.989999771118164,24.15999984741211,HFC
2016-07-26,24.15999984741211,25.270000457763672,HFC
2016-07-27,25.43000030517578,24.549999237060547,HFC
2016-07-28,24.59000015258789,24.6200008392334,HFC
2016-07-29,24.5,25.420000076293945,HFC
2016-07-30,25.4,25.379999923706055,HFC
2016-07-31,25.35999984741211,25.339999771118165,HFC
2016-08-01,25.31999969482422,24.700000762939453,HFC
2016-08-02,25.010000228881836,25.579999923706055,HFC
2016-08-03,24.989999771118164,26.65999984741211,HFC
2016-08-04,26.639999389648438,25.610000610351562,HFC
2016-08-05,25.90999984741211,26.450000762939453,HFC
2016-08-06,26.53400077819824,26.618000793457032,HFC
2016-08-07,26.70200080871582,26.78600082397461,HFC
2016-08-08,26.8700008392334,27.420000076293945,HFC
2016-08-09,27.459999084472656,26.3799991607666,HFC
2016-08-10,26.440000534057617,26.40999984741211,HFC
2016-08-11,26.639999389648438,26.989999771118164,HFC
2016-08-12,27.18000030517578,27.1299991607666,HFC
2016-08-13,27.15399932861328,27.17799949645996,HFC
2016-08-14,27.20199966430664,27.22599983215332,HFC
2016-08-15,27.25,27.360000610351562,HFC
2016-08-16,27.3799991607666,27.110000610351562,HFC
2016-08-17,27.229999542236328,27.479999542236328,HFC
2016-08-18,27.56999969482422,27.290000915527344,HFC
2016-08-19,26.670000076293945,27.100000381469727,HFC
2016-08-20,27.066000366210936,27.03200035095215,HFC
2016-08-21,26.99800033569336,26.96400032043457,HFC
2016-08-22,26.93000030517578,25.979999542236328,HFC
2016-08-23,26.1200008392334,26.6299991607666,HFC
2016-08-24,26.700000762939453,26.309999465942383,HFC
2016-08-25,26.309999465942383,25.68000030517578,HFC
2016-08-26,25.809999465942383,25.690000534057617,HFC
2016-08-27,25.694000244140625,25.697999954223633,HFC
2016-08-28,25.70199966430664,25.70599937438965,HFC
2016-08-29,25.709999084472656,25.770000457763672,HFC
2016-08-30,25.770000457763672,25.8700008392334,HFC
2016-08-31,25.790000915527344,25.8799991607666,HFC
2016-09-01,25.920000076293945,24.649999618530273,HFC
2016-09-02,24.8700008392334,24.68000030517578,HFC
2016-09-03,24.692857469831193,24.705714634486608,HFC
2016-09-04,24.71857179914202,24.731428963797434,HFC
2016-09-05,24.744286128452845,24.75714329310826,HFC
2016-09-06,24.770000457763672,24.829999923706055,HFC
2016-09-07,24.899999618530273,25.1299991607666,HFC
2016-09-08,25.34000015258789,25.81999969482422,HFC
2016-09-09,25.56999969482422,25.610000610351562,HFC
2016-09-10,25.568000411987306,25.526000213623046,HFC
2016-09-11,25.48400001525879,25.44199981689453,HFC
2016-09-12,25.399999618530273,26.170000076293945,HFC
2016-09-13,25.920000076293945,25.639999389648438,HFC
2016-09-14,25.639999389648438,24.1200008392334,HFC
2016-09-15,24.1200008392334,25.280000686645508,HFC
2016-09-16,24.889999389648438,25.280000686645508,HFC
2016-09-17,25.310000610351562,25.340000534057616,HFC
2016-09-18,25.370000457763673,25.400000381469727,HFC
2016-09-19,25.43000030517578,25.81999969482422,HFC
2016-09-20,25.75,24.790000915527344,HFC
2016-09-21,24.950000762939453,24.559999465942383,HFC
2016-09-22,24.760000228881836,24.649999618530273,HFC
2016-09-23,24.510000228881836,24.790000915527344,HFC
2016-09-24,24.804000854492188,24.81800079345703,HFC
2016-09-25,24.832000732421875,24.84600067138672,HFC
2016-09-26,24.860000610351562,23.850000381469727,HFC
2016-09-27,23.75,23.809999465942383,HFC
2016-09-28,23.979999542236328,24.049999237060547,HFC
2016-09-29,23.989999771118164,23.610000610351562,HFC
2016-09-30,23.760000228881836,24.5,HFC
2016-10-01,24.481999969482423,24.463999938964843,HFC
2016-10-02,24.445999908447266,24.427999877929686,HFC
2016-10-03,24.40999984741211,24.610000610351562,HFC
2016-10-04,24.770000457763672,25.350000381469727,HFC
2016-10-05,25.520000457763672,26.34000015258789,HFC
2016-10-06,26.18000030517578,26.049999237060547,HFC
2016-10-07,25.90999984741211,24.790000915527344,HFC
2016-10-08,24.790000915527344,24.790000915527344,HFC
2016-10-09,24.790000915527344,24.790000915527344,HFC
2016-10-10,24.790000915527344,25.270000457763672,HFC
2016-10-11,25.209999084472656,24.719999313354492,HFC
2016-10-12,24.700000762939453,24.040000915527344,HFC
2016-10-13,23.920000076293945,23.649999618530273,HFC
2016-10-14,23.809999465942383,23.56999969482422,HFC
2016-10-15,23.56999969482422,23.56999969482422,HFC
2016-10-16,23.56999969482422,23.56999969482422,HFC
2016-10-17,23.56999969482422,23.6299991607666,HFC
2016-10-18,23.809999465942383,23.799999237060547,HFC
2016-10-19,23.540000915527344,23.09000015258789,HFC
2016-10-20,23.0,23.350000381469727,HFC
2016-10-21,23.299999237060547,24.440000534057617,HFC
2016-10-22,24.4620002746582,24.48400001525879,HFC
2016-10-23,24.505999755859374,24.527999496459962,HFC
2016-10-24,24.549999237060547,24.530000686645508,HFC
2016-10-25,24.510000228881836,24.81999969482422,HFC
2016-10-26,24.56999969482422,25.190000534057617,HFC
2016-10-27,25.170000076293945,24.219999313354492,HFC
2016-10-28,24.1200008392334,23.84000015258789,HFC
2016-10-29,23.904000091552735,23.96800003051758,HFC
2016-10-30,24.03199996948242,24.095999908447265,HFC
2016-10-31,24.15999984741211,24.950000762939453,HFC
2016-11-01,25.65999984741211,25.450000762939453,HFC
2016-11-02,25.34000015258789,24.6200008392334,HFC
2016-11-03,24.690000534057617,23.889999389648438,HFC
2016-11-04,23.780000686645508,23.670000076293945,HFC
2016-11-05,23.727999877929687,23.78599967956543,HFC
2016-11-06,23.843999481201173,23.901999282836915,HFC
2016-11-07,23.959999084472656,23.3799991607666,HFC
2016-11-08,23.270000457763672,22.700000762939453,HFC
2016-11-09,23.06999969482422,26.219999313354492,HFC
2016-11-10,26.420000076293945,26.059999465942383,HFC
2016-11-11,25.93000030517578,25.989999771118164,HFC
2016-11-12,26.00799980163574,26.02599983215332,HFC
2016-11-13,26.043999862670898,26.061999893188478,HFC
2016-11-14,26.079999923706055,26.920000076293945,HFC
2016-11-15,27.020000457763672,27.09000015258789,HFC
2016-11-16,27.020000457763672,27.770000457763672,HFC
2016-11-17,27.950000762939453,27.90999984741211,HFC
2016-11-18,28.040000915527344,27.350000381469727,HFC
2016-11-19,27.428000259399415,27.506000137329103,HFC
2016-11-20,27.584000015258788,27.661999893188476,HFC
2016-11-21,27.739999771118164,29.0,HFC
2016-11-22,29.170000076293945,29.31999969482422,HFC
2016-11-23,28.700000762939453,28.450000762939453,HFC
2016-11-24,28.40333366394043,28.356666564941406,HFC
2016-11-25,28.309999465942383,28.09000015258789,HFC
2016-11-26,28.108000183105467,28.126000213623048,HFC
2016-11-27,28.144000244140624,28.162000274658205,HFC
2016-11-28,28.18000030517578,27.739999771118164,HFC
2016-11-29,27.389999389648438,27.540000915527344,HFC
2016-11-30,27.979999542236328,28.770000457763672,HFC
2016-12-01,29.139999389648438,29.100000381469727,HFC
2016-12-02,29.079999923706055,29.229999542236328,HFC
2016-12-03,29.379999542236327,29.52999954223633,HFC
2016-12-04,29.679999542236327,29.82999954223633,HFC
2016-12-05,29.979999542236328,31.09000015258789,HFC
2016-12-06,30.940000534057617,31.1299991607666,HFC
2016-12-07,31.100000381469727,33.02000045776367,HFC
2016-12-08,33.36000061035156,34.099998474121094,HFC
2016-12-09,33.849998474121094,33.06999969482422,HFC
2016-12-10,33.19599990844726,33.322000122070314,HFC
2016-12-11,33.44800033569336,33.57400054931641,HFC
2016-12-12,33.70000076293945,32.380001068115234,HFC
2016-12-13,32.90999984741211,32.65999984741211,HFC
2016-12-14,32.27000045776367,31.610000610351562,HFC
2016-12-15,31.59000015258789,31.760000228881836,HFC
2016-12-16,32.0,31.780000686645508,HFC
2016-12-17,31.774000549316405,31.768000411987305,HFC
2016-12-18,31.762000274658202,31.756000137329103,HFC
2016-12-19,31.75,31.190000534057617,HFC
2016-12-20,31.450000762939453,31.459999084472656,HFC
2016-12-21,31.420000076293945,31.8700008392334,HFC
2016-12-22,32.5,32.630001068115234,HFC
2016-12-23,32.470001220703125,33.130001068115234,HFC
2016-12-24,33.130001068115234,33.130001068115234,HFC
2016-12-25,33.130001068115234,33.130001068115234,HFC
2016-12-26,33.130001068115234,33.130001068115234,HFC
2016-12-27,33.130001068115234,33.52000045776367,HFC
2016-12-28,33.5,33.2400016784668,HFC
2016-12-29,33.16999816894531,33.15999984741211,HFC
2016-12-30,33.09000015258789,32.7599983215332,HFC
2016-12-31,32.82428414481027,32.88856996808733,HFC
2017-01-01,32.9528557913644,33.01714161464146,HFC
2017-01-02,33.08142743791853,33.14571326119559,HFC
2017-01-03,33.209999084472656,33.56999969482422,HFC
2017-01-04,34.130001068115234,34.29999923706055,HFC
2017-01-05,34.189998626708984,33.75,HFC
2017-01-06,33.779998779296875,32.0099983215332,HFC
2017-01-07,31.949998474121095,31.889998626708984,HFC
2017-01-08,31.829998779296876,31.769998931884764,HFC
2017-01-09,31.709999084472656,30.950000762939453,HFC
2017-01-10,30.899999618530273,30.709999084472656,HFC
2017-01-11,30.729999542236328,31.049999237060547,HFC
2017-01-12,31.389999389648438,30.549999237060547,HFC
2017-01-13,30.1200008392334,30.030000686645508,HFC
2017-01-14,30.0728577205113,30.11571475437709,HFC
2017-01-15,30.158571788242885,30.201428822108678,HFC
2017-01-16,30.24428585597447,30.28714288984026,HFC
2017-01-17,30.329999923706055,30.049999237060547,HFC
2017-01-18,29.93000030517578,30.209999084472656,HFC
2017-01-19,30.260000228881836,29.850000381469727,HFC
2017-01-20,30.280000686645508,29.979999542236328,HFC
2017-01-21,29.933999633789064,29.887999725341796,HFC
2017-01-22,29.841999816894532,29.795999908447264,HFC
2017-01-23,29.75,29.299999237060547,HFC
2017-01-24,29.59000015258789,30.59000015258789,HFC
2017-01-25,30.65999984741211,30.860000610351562,HFC
2017-01-26,30.84000015258789,29.700000762939453,HFC
2017-01-27,29.799999237060547,29.09000015258789,HFC
2017-01-28,29.068000030517577,29.045999908447264,HFC
2017-01-29,29.023999786376955,29.00199966430664,HFC
2017-01-30,28.979999542236328,29.389999389648438,HFC
2017-01-31,29.540000915527344,28.969999313354492,HFC
2017-02-01,29.440000534057617,28.1200008392334,HFC
2017-02-02,28.239999771118164,28.170000076293945,HFC
2017-02-03,28.25,28.65999984741211,HFC
2017-02-04,28.661999893188476,28.663999938964842,HFC
2017-02-05,28.665999984741212,28.66800003051758,HFC
2017-02-06,28.670000076293945,28.59000015258789,HFC
2017-02-07,28.75,28.43000030517578,HFC
2017-02-08,28.25,29.549999237060547,HFC
2017-02-09,29.8700008392334,30.18000030517578,HFC
2017-02-10,30.489999771118164,30.149999618530273,HFC
2017-02-11,30.08599967956543,30.021999740600585,HFC
2017-02-12,29.957999801635744,29.8939998626709,HFC
2017-02-13,29.829999923706055,29.65999984741211,HFC
2017-02-14,29.530000686645508,29.920000076293945,HFC
2017-02-15,29.84000015258789,30.149999618530273,HFC
2017-02-16,30.170000076293945,30.0,HFC
2017-02-17,29.75,29.920000076293945,HFC
2017-02-18,29.94571440560477,29.971428734915598,HFC
2017-02-19,29.997143064226425,30.022857393537247,HFC
2017-02-20,30.048571722848074,30.0742860521589,HFC
2017-02-21,30.100000381469727,29.989999771118164,HFC
2017-02-22,29.40999984741211,28.899999618530273,HFC
2017-02-23,29.170000076293945,29.399999618530273,HFC
2017-02-24,28.81999969482422,28.940000534057617,HFC
2017-02-25,28.876000595092773,28.81200065612793,HFC
2017-02-26,28.748000717163087,28.684000778198243,HFC
2017-02-27,28.6200008392334,28.510000228881836,HFC
2017-02-28,28.510000228881836,29.280000686645508,HFC
2017-03-01,29.600000381469727,29.3799991607666,HFC
2017-03-02,29.260000228881836,28.1299991607666,HFC
2017-03-03,28.239999771118164,28.09000015258789,HFC
2017-03-04,28.07400016784668,28.05800018310547,HFC
2017-03-05,28.042000198364256,28.026000213623046,HFC
2017-03-06,28.010000228881836,28.209999084472656,HFC
2017-03-07,28.229999542236328,27.40999984741211,HFC
2017-03-08,27.420000076293945,27.270000457763672,HFC
2017-03-09,27.149999618530273,27.010000228881836,HFC
2017-03-10,27.15999984741211,27.450000762939453,HFC
2017-03-11,27.466000747680663,27.482000732421874,HFC
2017-03-12,27.498000717163087,27.514000701904298,HFC
2017-03-13,27.530000686645508,27.8799991607666,HFC
2017-03-14,27.56999969482422,27.59000015258789,HFC
2017-03-15,27.860000610351562,28.309999465942383,HFC
2017-03-16,28.489999771118164,28.5,HFC
2017-03-17,28.59000015258789,28.280000686645508,HFC
2017-03-18,28.26600036621094,28.252000045776366,HFC
2017-03-19,28.237999725341798,28.223999404907225,HFC
2017-03-20,28.209999084472656,28.540000915527344,HFC
2017-03-21,28.5,27.520000457763672,HFC
2017-03-22,27.3799991607666,27.530000686645508,HFC
2017-03-23,27.559999465942383,27.040000915527344,HFC
2017-03-24,27.18000030517578,26.649999618530273,HFC
2017-03-25,26.615999603271483,26.581999588012696,HFC
2017-03-26,26.547999572753906,26.51399955749512,HFC
2017-03-27,26.479999542236328,26.610000610351562,HFC
2017-03-28,26.700000762939453,26.799999237060547,HFC
2017-03-29,27.040000915527344,28.469999313354492,HFC
2017-03-30,28.450000762939453,28.100000381469727,HFC
2017-03-31,28.020000457763672,28.34000015258789,HFC
2017-04-01,28.33199996948242,28.32399978637695,HFC
2017-04-02,28.315999603271486,28.307999420166016,HFC
2017-04-03,28.299999237060547,27.709999084472656,HFC
2017-04-04,27.709999084472656,27.770000457763672,HFC
2017-04-05,27.770000457763672,26.889999389648438,HFC
2017-04-06,27.010000228881836,26.3799991607666,HFC
2017-04-07,26.360000610351562,26.600000381469727,HFC
2017-04-08,26.608000183105467,26.61599998474121,HFC
2017-04-09,26.623999786376952,26.631999588012697,HFC
2017-04-10,26.639999389648438,27.280000686645508,HFC
2017-04-11,27.239999771118164,27.850000381469727,HFC
2017-04-12,27.850000381469727,27.81999969482422,HFC
2017-04-13,27.940000534057617,27.350000381469727,HFC
2017-04-14,27.347143173217773,27.34428596496582,HFC
2017-04-15,27.341428756713867,27.338571548461914,HFC
2017-04-16,27.33571434020996,27.332857131958008,HFC
2017-04-17,27.329999923706055,27.280000686645508,HFC
2017-04-18,27.079999923706055,26.940000534057617,HFC
2017-04-19,26.979999542236328,26.43000030517578,HFC
2017-04-20,26.530000686645508,26.850000381469727,HFC
2017-04-21,26.940000534057617,27.8799991607666,HFC
2017-04-22,27.939999389648438,27.999999618530275,HFC
2017-04-23,28.059999847412108,28.120000076293945,HFC
2017-04-24,28.18000030517578,28.81999969482422,HFC
2017-04-25,28.829999923706055,28.760000228881836,HFC
2017-04-26,28.690000534057617,28.260000228881836,HFC
2017-04-27,28.0,28.239999771118164,HFC
2017-04-28,28.399999618530273,28.139999389648438,HFC
2017-04-29,28.139999389648438,28.139999389648438,HFC
2017-04-30,28.139999389648438,28.139999389648438,HFC
2017-05-01,28.139999389648438,28.110000610351562,HFC
2017-05-02,28.270000457763672,28.34000015258789,HFC
2017-05-03,26.899999618530273,27.18000030517578,HFC
2017-05-04,26.610000610351562,26.040000915527344,HFC
2017-05-05,26.200000762939453,26.940000534057617,HFC
2017-05-06,26.92200050354004,26.90400047302246,HFC
2017-05-07,26.886000442504884,26.868000411987303,HFC
2017-05-08,26.850000381469727,27.59000015258789,HFC
2017-05-09,27.610000610351562,27.790000915527344,HFC
2017-05-10,27.940000534057617,28.229999542236328,HFC
2017-05-11,28.229999542236328,27.739999771118164,HFC
2017-05-12,27.899999618530273,27.639999389648438,HFC
2017-05-13,27.725999450683595,27.81199951171875,HFC
2017-05-14,27.897999572753907,27.98399963378906,HFC
2017-05-15,28.06999969482422,27.43000030517578,HFC
2017-05-16,27.469999313354492,27.06999969482422,HFC
2017-05-17,27.06999969482422,26.469999313354492,HFC
2017-05-18,26.389999389648438,26.309999465942383,HFC
2017-05-19,26.09000015258789,26.389999389648438,HFC
2017-05-20,26.407999420166014,26.425999450683594,HFC
2017-05-21,26.44399948120117,26.46199951171875,HFC
2017-05-22,26.479999542236328,26.649999618530273,HFC
2017-05-23,26.610000610351562,26.329999923706055,HFC
2017-05-24,26.260000228881836,26.149999618530273,HFC
2017-05-25,26.010000228881836,25.510000228881836,HFC
2017-05-26,25.40999984741211,24.770000457763672,HFC
2017-05-27,24.75285748073033,24.735714503696986,HFC
2017-05-28,24.718571526663645,24.7014285496303,HFC
2017-05-29,24.68428557259696,24.667142595563615,HFC
2017-05-30,24.649999618530273,24.450000762939453,HFC
2017-05-31,24.299999237060547,23.899999618530273,HFC
2017-06-01,24.0,24.649999618530273,HFC
2017-06-02,24.520000457763672,24.040000915527344,HFC
2017-06-03,24.032000732421874,24.024000549316405,HFC
2017-06-04,24.01600036621094,24.00800018310547,HFC
2017-06-05,24.0,24.25,HFC
2017-06-06,24.110000610351562,24.079999923706055,HFC
2017-06-07,23.90999984741211,24.059999465942383,HFC
2017-06-08,24.1200008392334,24.559999465942383,HFC
2017-06-09,24.59000015258789,25.65999984741211,HFC
2017-06-10,25.6939998626709,25.727999877929687,HFC
2017-06-11,25.761999893188477,25.795999908447264,HFC
2017-06-12,25.829999923706055,25.84000015258789,HFC
2017-06-13,25.850000381469727,26.469999313354492,HFC
2017-06-14,26.399999618530273,25.229999542236328,HFC
2017-06-15,25.229999542236328,25.440000534057617,HFC
2017-06-16,25.510000228881836,26.260000228881836,HFC
2017-06-17,26.268000030517577,26.27599983215332,HFC
2017-06-18,26.283999633789062,26.291999435424806,HFC
2017-06-19,26.299999237060547,26.739999771118164,HFC
2017-06-20,26.299999237060547,25.850000381469727,HFC
2017-06-21,25.770000457763672,25.8700008392334,HFC
2017-06-22,26.06999969482422,26.6299991607666,HFC
2017-06-23,26.59000015258789,27.149999618530273,HFC
2017-06-24,27.153999710083006,27.157999801635743,HFC
2017-06-25,27.161999893188476,27.165999984741212,HFC
2017-06-26,27.170000076293945,27.31999969482422,HFC
2017-06-27,27.350000381469727,27.649999618530273,HFC
2017-06-28,27.809999465942383,27.90999984741211,HFC
2017-06-29,28.010000228881836,28.0,HFC
2017-06-30,28.049999237060547,27.469999313354492,HFC
2017-07-01,27.497999572753905,27.52599983215332,HFC
2017-07-02,27.554000091552734,27.58200035095215,HFC
2017-07-03,27.610000610351562,28.030000686645508,HFC
2017-07-04,27.986666997273762,27.94333330790202,HFC
2017-07-05,27.899999618530273,26.8799991607666,HFC
2017-07-06,26.860000610351562,26.190000534057617,HFC
2017-07-07,26.18000030517578,27.09000015258789,HFC
2017-07-08,27.05,27.00999984741211,HFC
2017-07-09,26.969999694824217,26.929999542236327,HFC
2017-07-10,26.889999389648438,27.31999969482422,HFC
2017-07-11,27.280000686645508,27.209999084472656,HFC
2017-07-12,27.649999618530273,27.110000610351562,HFC
2017-07-13,27.030000686645508,26.889999389648438,HFC
2017-07-14,26.920000076293945,26.959999084472656,HFC
2017-07-15,26.969999313354492,26.979999542236328,HFC
2017-07-16,26.989999771118164,27.0,HFC
2017-07-17,27.010000228881836,27.219999313354492,HFC
2017-07-18,27.280000686645508,27.209999084472656,HFC
2017-07-19,27.290000915527344,27.739999771118164,HFC
2017-07-20,27.920000076293945,27.600000381469727,HFC
2017-07-21,27.59000015258789,27.31999969482422,HFC
2017-07-22,27.327999877929688,27.336000061035158,HFC
2017-07-23,27.344000244140624,27.352000427246093,HFC
2017-07-24,27.360000610351562,27.56999969482422,HFC
2017-07-25,27.700000762939453,28.600000381469727,HFC
2017-07-26,28.649999618530273,28.520000457763672,HFC
2017-07-27,28.549999237060547,28.770000457763672,HFC
2017-07-28,28.700000762939453,28.25,HFC
2017-07-29,28.272000122070313,28.294000244140626,HFC
2017-07-30,28.316000366210936,28.33800048828125,HFC
2017-07-31,28.360000610351562,28.84000015258789,HFC
2017-08-01,28.860000610351562,29.329999923706055,HFC
2017-08-02,30.0,30.489999771118164,HFC
2017-08-03,30.530000686645508,30.559999465942383,HFC
2017-08-04,30.59000015258789,30.530000686645508,HFC
2017-08-05,30.524000549316405,30.518000411987305,HFC
2017-08-06,30.512000274658202,30.506000137329103,HFC
2017-08-07,30.5,30.489999771118164,HFC
2017-08-08,30.3700008392334,29.6299991607666,HFC
2017-08-09,29.670000076293945,29.110000610351562,HFC
2017-08-10,29.059999465942383,28.43000030517578,HFC
2017-08-11,28.31999969482422,28.559999465942383,HFC
2017-08-12,28.587999725341795,28.61599998474121,HFC
2017-08-13,28.644000244140624,28.67200050354004,HFC
2017-08-14,28.700000762939453,28.760000228881836,HFC
2017-08-15,28.690000534057617,28.959999084472656,HFC
2017-08-16,28.989999771118164,27.81999969482422,HFC
2017-08-17,27.799999237060547,27.420000076293945,HFC
2017-08-18,27.420000076293945,27.65999984741211,HFC
2017-08-19,27.577999877929688,27.495999908447267,HFC
2017-08-20,27.413999938964842,27.33199996948242,HFC
2017-08-21,27.25,27.530000686645508,HFC
2017-08-22,27.530000686645508,27.780000686645508,HFC
2017-08-23,27.549999237060547,28.100000381469727,HFC
2017-08-24,28.18000030517578,28.899999618530273,HFC
2017-08-25,29.18000030517578,29.559999465942383,HFC
2017-08-26,29.821999740600585,30.084000015258788,HFC
2017-08-27,30.346000289916994,30.608000564575196,HFC
2017-08-28,30.8700008392334,31.469999313354492,HFC
2017-08-29,31.25,32.209999084472656,HFC
2017-08-30,32.5,32.0,HFC
2017-08-31,32.130001068115234,31.309999465942383,HFC
2017-09-01,31.530000686645508,32.5,HFC
2017-09-02,32.405714307512554,32.311428615025115,HFC
2017-09-03,32.21714292253767,32.12285723005022,HFC
2017-09-04,32.028571537562776,31.934285845075333,HFC
2017-09-05,31.84000015258789,30.6299991607666,HFC
2017-09-06,30.979999542236328,31.260000228881836,HFC
2017-09-07,31.350000381469727,31.889999389648438,HFC
2017-09-08,31.700000762939453,32.400001525878906,HFC
2017-09-09,32.406001281738284,32.412001037597655,HFC
2017-09-10,32.41800079345703,32.4240005493164,HFC
2017-09-11,32.43000030517578,32.709999084472656,HFC
2017-09-12,32.79999923706055,32.97999954223633,HFC
2017-09-13,33.0099983215332,32.72999954223633,HFC
2017-09-14,32.619998931884766,32.150001525878906,HFC
2017-09-15,32.16999816894531,32.38999938964844,HFC
2017-09-16,32.40999984741211,32.43000030517578,HFC
2017-09-17,32.45000076293945,32.470001220703125,HFC
2017-09-18,32.4900016784668,32.88999938964844,HFC
2017-09-19,32.88999938964844,33.66999816894531,HFC
2017-09-20,33.68000030517578,33.90999984741211,HFC
2017-09-21,33.810001373291016,33.880001068115234,HFC
2017-09-22,33.97999954223633,34.2400016784668,HFC
2017-09-23,34.252001190185545,34.264000701904294,HFC
2017-09-24,34.27600021362305,34.2879997253418,HFC
2017-09-25,34.29999923706055,35.150001525878906,HFC
2017-09-26,34.95000076293945,34.61000061035156,HFC
2017-09-27,34.529998779296875,34.68000030517578,HFC
2017-09-28,35.119998931884766,35.9900016784668,HFC
2017-09-29,35.9900016784668,35.970001220703125,HFC
2017-09-30,35.9140007019043,35.85800018310547,HFC
2017-10-01,35.80199966430664,35.74599914550781,HFC
2017-10-02,35.689998626708984,36.099998474121094,HFC
2017-10-03,36.189998626708984,36.470001220703125,HFC
2017-10-04,36.470001220703125,36.790000915527344,HFC
2017-10-05,36.880001068115234,35.849998474121094,HFC
2017-10-06,34.52000045776367,35.41999816894531,HFC
2017-10-07,35.49399871826172,35.567999267578124,HFC
2017-10-08,35.64199981689453,35.716000366210935,HFC
2017-10-09,35.790000915527344,36.18000030517578,HFC
2017-10-10,36.560001373291016,36.189998626708984,HFC
2017-10-11,36.20000076293945,36.52000045776367,HFC
2017-10-12,36.2400016784668,36.31999969482422,HFC
2017-10-13,36.58000183105469,36.380001068115234,HFC
2017-10-14,36.38200073242187,36.38400039672852,HFC
2017-10-15,36.386000061035155,36.3879997253418,HFC
2017-10-16,36.38999938964844,36.09000015258789,HFC
2017-10-17,36.220001220703125,36.31999969482422,HFC
2017-10-18,36.33000183105469,36.09000015258789,HFC
2017-10-19,35.68000030517578,36.130001068115234,HFC
2017-10-20,36.459999084472656,36.709999084472656,HFC
2017-10-21,36.69799957275391,36.68600006103516,HFC
2017-10-22,36.6740005493164,36.662001037597655,HFC
2017-10-23,36.650001525878906,36.27000045776367,HFC
2017-10-24,35.619998931884766,36.400001525878906,HFC
2017-10-25,36.369998931884766,36.29999923706055,HFC
2017-10-26,36.27000045776367,36.099998474121094,HFC
2017-10-27,35.939998626708984,36.27000045776367,HFC
2017-10-28,36.29000015258789,36.30999984741211,HFC
2017-10-29,36.32999954223633,36.349999237060544,HFC
2017-10-30,36.369998931884766,36.90999984741211,HFC
2017-10-31,36.709999084472656,36.95000076293945,HFC
2017-11-01,37.7400016784668,39.650001525878906,HFC
2017-11-02,39.95000076293945,40.25,HFC
2017-11-03,40.470001220703125,40.13999938964844,HFC
2017-11-04,40.189999389648435,40.23999938964844,HFC
2017-11-05,40.289999389648436,40.33999938964844,HFC
2017-11-06,40.38999938964844,42.06999969482422,HFC
2017-11-07,41.970001220703125,42.33000183105469,HFC
2017-11-08,42.2599983215332,42.31999969482422,HFC
2017-11-09,41.9900016784668,42.20000076293945,HFC
2017-11-10,42.189998626708984,42.04999923706055,HFC
2017-11-11,42.055999755859375,42.0620002746582,HFC
2017-11-12,42.06800079345703,42.07400131225586,HFC
2017-11-13,42.08000183105469,41.849998474121094,HFC
2017-11-14,41.880001068115234,42.84000015258789,HFC
2017-11-15,42.470001220703125,42.88999938964844,HFC
2017-11-16,42.7400016784668,43.79999923706055,HFC
2017-11-17,43.720001220703125,44.40999984741211,HFC
2017-11-18,44.32399978637695,44.237999725341794,HFC
2017-11-19,44.15199966430664,44.065999603271486,HFC
2017-11-20,43.97999954223633,44.29999923706055,HFC
2017-11-21,44.56999969482422,44.790000915527344,HFC
2017-11-22,44.650001525878906,44.38999938964844,HFC
2017-11-23,44.423333485921226,44.45666758219401,HFC
2017-11-24,44.4900016784668,44.04999923706055,HFC
2017-11-25,44.045999145507814,44.04199905395508,HFC
2017-11-26,44.03799896240234,44.03399887084961,HFC
2017-11-27,44.029998779296875,44.7599983215332,HFC
2017-11-28,44.83000183105469,45.2599983215332,HFC
2017-11-29,44.790000915527344,44.33000183105469,HFC
2017-11-30,44.70000076293945,44.47999954223633,HFC
2017-12-01,44.689998626708984,44.25,HFC
2017-12-02,44.258000183105466,44.26600036621094,HFC
2017-12-03,44.274000549316405,44.28200073242188,HFC
2017-12-04,44.290000915527344,44.310001373291016,HFC
2017-12-05,44.11000061035156,45.900001525878906,HFC
2017-12-06,45.56999969482422,45.099998474121094,HFC
2017-12-07,44.939998626708984,45.31999969482422,HFC
2017-12-08,44.630001068115234,45.689998626708984,HFC
2017-12-09,45.71799926757812,45.74599990844727,HFC
2017-12-10,45.774000549316405,45.80200119018555,HFC
2017-12-11,45.83000183105469,46.61000061035156,HFC
2017-12-12,46.970001220703125,47.25,HFC
2017-12-13,47.029998779296875,48.060001373291016,HFC
2017-12-14,48.04999923706055,47.79999923706055,HFC
2017-12-15,47.880001068115234,47.86000061035156,HFC
2017-12-16,47.88200073242187,47.90400085449219,HFC
2017-12-17,47.9260009765625,47.948001098632815,HFC
2017-12-18,47.970001220703125,48.439998626708984,HFC
2017-12-19,48.25,47.59000015258789,HFC
2017-12-20,47.90999984741211,49.459999084472656,HFC
2017-12-21,49.52000045776367,50.150001525878906,HFC
2017-12-22,50.25,50.619998931884766,HFC
2017-12-23,50.621427808489116,50.622856685093474,HFC
2017-12-24,50.624285561697825,50.625714438302175,HFC
2017-12-25,50.627143314906526,50.628572191510884,HFC
2017-12-26,50.630001068115234,51.29999923706055,HFC
2017-12-27,51.369998931884766,51.630001068115234,HFC
2017-12-28,51.599998474121094,51.5,HFC
2017-12-29,51.619998931884766,51.220001220703125,HFC
2017-12-30,51.242858341761995,51.26571546282087,HFC
2017-12-31,51.28857258387974,51.31142970493862,HFC
2018-01-01,51.33428682599749,51.357143947056365,HFC
2018-01-02,51.380001068115234,51.29999923706055,HFC
2018-01-03,51.45000076293945,51.380001068115234,HFC
2018-01-04,51.5,50.970001220703125,HFC
2018-01-05,51.08000183105469,51.25,HFC
2018-01-06,51.25,51.25,HFC
2018-01-07,51.25,51.25,HFC
2018-01-08,51.25,51.720001220703125,HFC
2018-01-09,51.9900016784668,51.2599983215332,HFC
2018-01-10,51.36000061035156,51.279998779296875,HFC
2018-01-11,51.349998474121094,51.5,HFC
2018-01-12,51.75,52.5099983215332,HFC
2018-01-13,52.5571414402553,52.6042845589774,HFC
2018-01-14,52.651427677699495,52.6985707964216,HFC
2018-01-15,52.745713915143696,52.79285703386579,HFC
2018-01-16,52.84000015258789,52.25,HFC
2018-01-17,52.349998474121094,52.400001525878906,HFC
2018-01-18,52.20000076293945,50.90999984741211,HFC
2018-01-19,50.90999984741211,50.939998626708984,HFC
2018-01-20,50.971998596191405,51.003998565673825,HFC
2018-01-21,51.03599853515625,51.06799850463867,HFC
2018-01-22,51.099998474121094,51.7400016784668,HFC
2018-01-23,51.93000030517578,51.720001220703125,HFC
2018-01-24,51.79999923706055,49.2599983215332,HFC
2018-01-25,49.20000076293945,48.5,HFC
2018-01-26,48.7599983215332,48.810001373291016,HFC
2018-01-27,48.7260009765625,48.64200057983398,HFC
2018-01-28,48.55800018310547,48.47399978637695,HFC
2018-01-29,48.38999938964844,46.81999969482422,HFC
2018-01-30,46.02000045776367,46.54999923706055,HFC
2018-01-31,46.709999084472656,47.959999084472656,HFC
2018-02-01,48.029998779296875,47.619998931884766,HFC
2018-02-02,47.0099983215332,46.400001525878906,HFC
2018-02-03,46.278001403808595,46.156001281738284,HFC
2018-02-04,46.034001159667966,45.912001037597655,HFC
2018-02-05,45.790000915527344,44.9900016784668,HFC
2018-02-06,43.81999969482422,46.470001220703125,HFC
2018-02-07,46.54999923706055,45.790000915527344,HFC
2018-02-08,45.650001525878906,44.36000061035156,HFC
2018-02-09,44.720001220703125,44.5,HFC
2018-02-10,44.58600006103516,44.672000122070315,HFC
2018-02-11,44.758000183105466,44.844000244140624,HFC
2018-02-12,44.93000030517578,44.72999954223633,HFC
2018-02-13,44.630001068115234,45.2599983215332,HFC
2018-02-14,44.79999923706055,46.779998779296875,HFC
2018-02-15,46.88999938964844,46.810001373291016,HFC
2018-02-16,46.58000183105469,46.400001525878906,HFC
2018-02-17,46.372858319963726,46.34571511404855,HFC
2018-02-18,46.31857190813337,46.29142870221819,HFC
2018-02-19,46.26428549630301,46.23714229038784,HFC
2018-02-20,46.209999084472656,45.97999954223633,HFC
2018-02-21,44.5,44.40999984741211,HFC
2018-02-22,44.630001068115234,44.09000015258789,HFC
2018-02-23,44.459999084472656,45.0,HFC
2018-02-24,45.02600021362305,45.05200042724609,HFC
2018-02-25,45.07800064086914,45.104000854492185,HFC
2018-02-26,45.130001068115234,45.060001373291016,HFC
2018-02-27,44.75,44.400001525878906,HFC
2018-02-28,44.54999923706055,42.83000183105469,HFC
2018-03-01,42.81999969482422,43.45000076293945,HFC
2018-03-02,43.029998779296875,44.08000183105469,HFC
2018-03-03,44.03000183105469,43.980001831054686,HFC
2018-03-04,43.93000183105469,43.880001831054685,HFC
2018-03-05,43.83000183105469,44.41999816894531,HFC
2018-03-06,44.65999984741211,45.22999954223633,HFC
2018-03-07,44.7599983215332,44.95000076293945,HFC
2018-03-08,45.029998779296875,45.290000915527344,HFC
2018-03-09,45.790000915527344,46.52000045776367,HFC
2018-03-10,46.556000518798825,46.592000579833986,HFC
2018-03-11,46.62800064086914,46.6640007019043,HFC
2018-03-12,46.70000076293945,45.9900016784668,HFC
2018-03-13,46.349998474121094,46.13999938964844,HFC
2018-03-14,46.220001220703125,46.27000045776367,HFC
2018-03-15,46.22999954223633,45.59000015258789,HFC
2018-03-16,45.81999969482422,46.5099983215332,HFC
2018-03-17,46.49999847412109,46.48999862670898,HFC
2018-03-18,46.47999877929688,46.46999893188477,HFC
2018-03-19,46.459999084472656,46.2599983215332,HFC
2018-03-20,46.70000076293945,48.0099983215332,HFC
2018-03-21,48.15999984741211,49.029998779296875,HFC
2018-03-22,48.470001220703125,48.18000030517578,HFC
2018-03-23,48.43000030517578,47.810001373291016,HFC
2018-03-24,47.96600112915039,48.12200088500977,HFC
2018-03-25,48.27800064086914,48.434000396728514,HFC
2018-03-26,48.59000015258789,49.36000061035156,HFC
2018-03-27,49.70000076293945,48.97999954223633,HFC
2018-03-28,48.97999954223633,47.560001373291016,HFC
2018-03-29,48.0,48.86000061035156,HFC
2018-03-30,48.82428632463728,48.78857203892299,HFC
2018-03-31,48.75285775320871,48.71714346749442,HFC
2018-04-01,48.68142918178013,48.64571489606585,HFC
2018-04-02,48.61000061035156,48.29999923706055,HFC
2018-04-03,48.619998931884766,49.689998626708984,HFC
2018-04-04,48.90999984741211,50.900001525878906,HFC
2018-04-05,51.02000045776367,52.4900016784668,HFC
2018-04-06,51.849998474121094,52.2599983215332,HFC
2018-04-07,52.4099983215332,52.5599983215332,HFC
2018-04-08,52.709998321533206,52.859998321533205,HFC
2018-04-09,53.0099983215332,52.90999984741211,HFC
2018-04-10,53.86000061035156,53.959999084472656,HFC
2018-04-11,54.06999969482422,54.56999969482422,HFC
2018-04-12,54.790000915527344,54.189998626708984,HFC
2018-04-13,54.95000076293945,55.709999084472656,HFC
2018-04-14,55.767999267578126,55.8259994506836,HFC
2018-04-15,55.88399963378906,55.94199981689453,HFC
2018-04-16,56.0,57.16999816894531,HFC
2018-04-17,57.36000061035156,57.7599983215332,HFC
2018-04-18,58.0099983215332,58.029998779296875,HFC
2018-04-19,57.95000076293945,58.2400016784668,HFC
2018-04-20,58.25,58.2599983215332,HFC
2018-04-21,58.28399887084961,58.30799942016601,HFC
2018-04-22,58.331999969482425,58.35600051879883,HFC
2018-04-23,58.380001068115234,59.08000183105469,HFC
2018-04-24,59.79999923706055,60.38999938964844,HFC
2018-04-25,59.5,59.630001068115234,HFC
2018-04-26,59.56999969482422,62.11000061035156,HFC
2018-04-27,61.880001068115234,60.439998626708984,HFC
2018-04-28,60.5119987487793,60.58399887084961,HFC
2018-04-29,60.65599899291992,60.72799911499023,HFC
2018-04-30,60.79999923706055,60.689998626708984,HFC
2018-05-01,60.310001373291016,60.459999084472656,HFC
2018-05-02,61.0,64.4800033569336,HFC
2018-05-03,64.30000305175781,65.62999725341797,HFC
2018-05-04,65.61000061035156,66.05000305175781,HFC
2018-05-05,66.12200317382812,66.19400329589844,HFC
2018-05-06,66.26600341796875,66.33800354003907,HFC
2018-05-07,66.41000366210938,65.5999984741211,HFC
2018-05-08,65.6500015258789,67.0999984741211,HFC
2018-05-09,67.63999938964844,67.97000122070312,HFC
2018-05-10,68.62000274658203,67.44999694824219,HFC
2018-05-11,67.91000366210938,67.62000274658203,HFC
2018-05-12,67.71200256347656,67.80400238037109,HFC
2018-05-13,67.89600219726563,67.98800201416016,HFC
2018-05-14,68.08000183105469,69.04000091552734,HFC
2018-05-15,68.52999877929688,68.9000015258789,HFC
2018-05-16,68.7300033569336,68.95999908447266,HFC
2018-05-17,69.58000183105469,72.43000030517578,HFC
2018-05-18,72.8499984741211,72.95999908447266,HFC
2018-05-19,73.10799865722656,73.25599822998046,HFC
2018-05-20,73.40399780273438,73.55199737548828,HFC
2018-05-21,73.69999694824219,75.13999938964844,HFC
2018-05-22,74.9000015258789,72.94000244140625,HFC
2018-05-23,72.33000183105469,73.66999816894531,HFC
2018-05-24,73.5,75.55000305175781,HFC
2018-05-25,74.12000274658203,72.69000244140625,HFC
2018-05-26,72.78428758893695,72.87857273646763,HFC
2018-05-27,72.97285788399833,73.06714303152901,HFC
2018-05-28,73.16142817905971,73.2557133265904,HFC
2018-05-29,73.3499984741211,74.8499984741211,HFC
2018-05-30,75.81999969482422,77.58999633789062,HFC
2018-05-31,77.45999908447266,77.18000030517578,HFC
2018-06-01,78.16000366210938,81.6500015258789,HFC
2018-06-02,81.7260009765625,81.8020004272461,HFC
2018-06-03,81.87799987792968,81.95399932861328,HFC
2018-06-04,82.02999877929688,81.0,HFC
2018-06-05,80.97000122070312,79.02999877929688,HFC
2018-06-06,79.16000366210938,75.8499984741211,HFC
2018-06-07,76.81999969482422,76.75,HFC
2018-06-08,76.5999984741211,77.19000244140625,HFC
2018-06-09,77.0260025024414,76.86200256347657,HFC
2018-06-10,76.69800262451172,76.53400268554688,HFC
2018-06-11,76.37000274658203,76.27999877929688,HFC
2018-06-12,76.16999816894531,72.87999725341797,HFC
2018-06-13,73.01000213623047,73.05000305175781,HFC
2018-06-14,73.5199966430664,72.95999908447266,HFC
2018-06-15,72.3499984741211,72.30000305175781,HFC
2018-06-16,72.40600280761718,72.51200256347656,HFC
2018-06-17,72.61800231933594,72.72400207519532,HFC
2018-06-18,72.83000183105469,74.19999694824219,HFC
2018-06-19,72.70999908447266,74.69999694824219,HFC
2018-06-20,75.0199966430664,74.58999633789062,HFC
2018-06-21,74.61000061035156,72.0,HFC
2018-06-22,73.73999786376953,71.19000244140625,HFC
2018-06-23,71.11800231933594,71.04600219726562,HFC
2018-06-24,70.97400207519532,70.902001953125,HFC
2018-06-25,70.83000183105469,67.29000091552734,HFC
2018-06-26,67.72000122070312,67.55999755859375,HFC
2018-06-27,68.0999984741211,66.48999786376953,HFC
2018-06-28,66.98999786376953,66.9800033569336,HFC
2018-06-29,68.41000366210938,68.43000030517578,HFC
2018-06-30,68.38399963378906,68.33799896240234,HFC
2018-07-01,68.29199829101563,68.24599761962891,HFC
2018-07-02,68.19999694824219,68.36000061035156,HFC
2018-07-03,69.02999877929688,69.04000091552734,HFC
2018-07-04,69.3433329264323,69.64666493733723,HFC
2018-07-05,69.94999694824219,67.27999877929688,HFC
2018-07-06,66.44000244140625,68.5999984741211,HFC
2018-07-07,68.67799835205078,68.75599822998046,HFC
2018-07-08,68.83399810791016,68.91199798583985,HFC
2018-07-09,68.98999786376953,70.0,HFC
2018-07-10,70.26000213623047,68.94999694824219,HFC
2018-07-11,68.5199966430664,67.26000213623047,HFC
2018-07-12,67.16999816894531,67.91999816894531,HFC
2018-07-13,67.83000183105469,68.68000030517578,HFC
2018-07-14,68.61199951171875,68.54399871826172,HFC
2018-07-15,68.47599792480469,68.40799713134766,HFC
2018-07-16,68.33999633789062,68.9000015258789,HFC
2018-07-17,68.72000122070312,70.56999969482422,HFC
2018-07-18,70.56999969482422,71.5999984741211,HFC
2018-07-19,71.69000244140625,71.80999755859375,HFC
2018-07-20,71.87999725341797,71.0199966430664,HFC
2018-07-21,71.10799713134766,71.19599761962891,HFC
2018-07-22,71.28399810791015,71.3719985961914,HFC
2018-07-23,71.45999908447266,70.95999908447266,HFC
2018-07-24,71.61000061035156,70.9000015258789,HFC
2018-07-25,70.91999816894531,72.05000305175781,HFC
2018-07-26,72.5,74.41000366210938,HFC
2018-07-27,74.51000213623047,74.06999969482422,HFC
2018-07-28,74.1779998779297,74.28600006103515,HFC
2018-07-29,74.39400024414063,74.50200042724609,HFC
2018-07-30,74.61000061035156,74.91000366210938,HFC
2018-07-31,75.18000030517578,74.58000183105469,HFC
2018-08-01,74.16000366210938,73.80999755859375,HFC
2018-08-02,68.0999984741211,68.91000366210938,HFC
2018-08-03,68.33999633789062,67.6500015258789,HFC
2018-08-04,67.68400115966797,67.71800079345704,HFC
2018-08-05,67.75200042724609,67.78600006103515,HFC
2018-08-06,67.81999969482422,68.19999694824219,HFC
2018-08-07,68.66999816894531,69.11000061035156,HFC
2018-08-08,68.62000274658203,69.41999816894531,HFC
2018-08-09,69.41000366210938,68.36000061035156,HFC
2018-08-10,67.93000030517578,69.0199966430664,HFC
2018-08-11,68.98399658203125,68.9479965209961,HFC
2018-08-12,68.91199645996093,68.87599639892578,HFC
2018-08-13,68.83999633789062,68.55000305175781,HFC
2018-08-14,68.83000183105469,69.02999877929688,HFC
2018-08-15,68.91000366210938,67.37000274658203,HFC
2018-08-16,67.55999755859375,67.75,HFC
2018-08-17,68.16000366210938,68.63999938964844,HFC
2018-08-18,68.68999938964843,68.73999938964843,HFC
2018-08-19,68.78999938964844,68.83999938964844,HFC
2018-08-20,68.88999938964844,70.68000030517578,HFC
2018-08-21,71.08000183105469,71.26000213623047,HFC
2018-08-22,71.2300033569336,71.41000366210938,HFC
2018-08-23,71.56999969482422,72.87000274658203,HFC
2018-08-24,73.48999786376953,73.58000183105469,HFC
2018-08-25,73.68000183105468,73.78000183105469,HFC
2018-08-26,73.88000183105468,73.9800018310547,HFC
2018-08-27,74.08000183105469,73.88999938964844,HFC
2018-08-28,74.11000061035156,73.9800033569336,HFC
2018-08-29,74.20999908447266,74.62999725341797,HFC
2018-08-30,74.80000305175781,74.66999816894531,HFC
2018-08-31,74.5199966430664,74.5199966430664,HFC
2018-09-01,74.54142543247768,74.56285422188895,HFC
2018-09-02,74.58428301130023,74.60571180071149,HFC
2018-09-03,74.62714059012276,74.64856937953404,HFC
2018-09-04,74.66999816894531,76.19000244140625,HFC
2018-09-05,76.0,73.83999633789062,HFC
2018-09-06,73.47000122070312,72.01000213623047,HFC
2018-09-07,71.66000366210938,70.80999755859375,HFC
2018-09-08,70.74599761962891,70.68199768066407,HFC
2018-09-09,70.61799774169921,70.55399780273437,HFC
2018-09-10,70.48999786376953,71.19000244140625,HFC
2018-09-11,71.12999725341797,71.75,HFC
2018-09-12,72.11000061035156,70.6500015258789,HFC
2018-09-13,72.0,72.02999877929688,HFC
2018-09-14,71.91999816894531,70.38999938964844,HFC
2018-09-15,70.39199981689453,70.39400024414063,HFC
2018-09-16,70.39600067138672,70.39800109863282,HFC
2018-09-17,70.4000015258789,68.91999816894531,HFC
2018-09-18,69.48999786376953,69.5199966430664,HFC
2018-09-19,69.08000183105469,65.5,HFC
2018-09-20,65.80999755859375,65.94000244140625,HFC
2018-09-21,66.08999633789062,66.87999725341797,HFC
2018-09-22,66.97999725341796,67.07999725341797,HFC
2018-09-23,67.17999725341797,67.27999725341797,HFC
2018-09-24,67.37999725341797,69.58999633789062,HFC
2018-09-25,70.2699966430664,70.76000213623047,HFC
2018-09-26,70.51000213623047,71.12000274658203,HFC
2018-09-27,71.66999816894531,69.7699966430664,HFC
2018-09-28,69.58000183105469,69.9000015258789,HFC
2018-09-29,69.99200134277343,70.08400115966796,HFC
2018-09-30,70.1760009765625,70.26800079345703,HFC
2018-10-01,70.36000061035156,69.55999755859375,HFC
2018-10-02,69.6500015258789,68.55999755859375,HFC
2018-10-03,68.93000030517578,71.3499984741211,HFC
2018-10-04,70.94999694824219,70.20999908447266,HFC
2018-10-05,69.87000274658203,69.20999908447266,HFC
2018-10-06,69.1519989013672,69.09399871826172,HFC
2018-10-07,69.03599853515625,68.97799835205078,HFC
2018-10-08,68.91999816894531,67.61000061035156,HFC
2018-10-09,67.69999694824219,68.63999938964844,HFC
2018-10-10,68.62999725341797,65.87999725341797,HFC
2018-10-11,65.25,66.04000091552734,HFC
2018-10-12,66.94000244140625,66.47000122070312,HFC
2018-10-13,66.46600036621093,66.46199951171874,HFC
2018-10-14,66.45799865722657,66.45399780273438,HFC
2018-10-15,66.44999694824219,64.66000366210938,HFC
2018-10-16,65.61000061035156,67.2699966430664,HFC
2018-10-17,67.27999877929688,66.77999877929688,HFC
2018-10-18,66.1500015258789,67.94999694824219,HFC
2018-10-19,67.01000213623047,63.16999816894531,HFC
2018-10-20,63.19599838256836,63.221998596191405,HFC
2018-10-21,63.247998809814455,63.2739990234375,HFC
2018-10-22,63.29999923706055,64.80000305175781,HFC
2018-10-23,63.22999954223633,64.41000366210938,HFC
2018-10-24,64.30999755859375,61.0099983215332,HFC
2018-10-25,62.18000030517578,63.150001525878906,HFC
2018-10-26,62.20000076293945,61.9900016784668,HFC
2018-10-27,62.11600112915039,62.242000579833984,HFC
2018-10-28,62.36800003051758,62.49399948120117,HFC
2018-10-29,62.619998931884766,62.150001525878906,HFC
2018-10-30,62.2599983215332,63.2599983215332,HFC
2018-10-31,66.51000213623047,67.44000244140625,HFC
2018-11-01,67.95999908447266,67.26000213623047,HFC
2018-11-02,67.55999755859375,66.48999786376953,HFC
2018-11-03,66.68799896240235,66.88600006103516,HFC
2018-11-04,67.08400115966796,67.28200225830078,HFC
2018-11-05,67.4800033569336,65.19000244140625,HFC
2018-11-06,65.18000030517578,65.5,HFC
2018-11-07,66.45999908447266,68.12999725341797,HFC
2018-11-08,67.72000122070312,65.73999786376953,HFC
2018-11-09,64.77999877929688,64.69999694824219,HFC
2018-11-10,64.70199737548828,64.70399780273438,HFC
2018-11-11,64.70599822998047,64.70799865722657,HFC
2018-11-12,64.70999908447266,63.439998626708984,HFC
2018-11-13,63.25,60.810001373291016,HFC
2018-11-14,61.599998474121094,61.849998474121094,HFC
2018-11-15,61.33000183105469,63.09000015258789,HFC
2018-11-16,63.560001373291016,63.83000183105469,HFC
2018-11-17,63.75000152587891,63.67000122070313,HFC
2018-11-18,63.59000091552734,63.51000061035156,HFC
2018-11-19,63.43000030517578,62.33000183105469,HFC
2018-11-20,60.22999954223633,59.25,HFC
2018-11-21,59.65999984741211,59.86000061035156,HFC
2018-11-22,59.403334299723305,58.946667989095054,HFC
2018-11-23,58.4900016784668,57.16999816894531,HFC
2018-11-24,57.36799850463867,57.56599884033203,HFC
2018-11-25,57.76399917602539,57.96199951171875,HFC
2018-11-26,58.15999984741211,60.439998626708984,HFC
2018-11-27,59.959999084472656,60.16999816894531,HFC
2018-11-28,60.189998626708984,61.7599983215332,HFC
2018-11-29,61.459999084472656,61.68000030517578,HFC
2018-11-30,61.529998779296875,62.470001220703125,HFC
2018-12-01,62.38200073242187,62.294000244140626,HFC
2018-12-02,62.205999755859374,62.11799926757813,HFC
2018-12-03,62.029998779296875,58.849998474121094,HFC
2018-12-04,59.349998474121094,58.13999938964844,HFC
2018-12-05,57.84999974568685,57.56000010172526,HFC
2018-12-06,57.27000045776367,57.79999923706055,HFC
2018-12-07,58.13999938964844,56.849998474121094,HFC
2018-12-08,56.73399887084961,56.61799926757813,HFC
2018-12-09,56.50199966430664,56.386000061035155,HFC
2018-12-10,56.27000045776367,54.95000076293945,HFC
2018-12-11,55.630001068115234,55.11000061035156,HFC
2018-12-12,56.540000915527344,57.060001373291016,HFC
2018-12-13,57.16999816894531,55.810001373291016,HFC
2018-12-14,55.349998474121094,54.08000183105469,HFC
2018-12-15,54.06200180053711,54.044001770019534,HFC
2018-12-16,54.02600173950195,54.008001708984374,HFC
2018-12-17,53.9900016784668,52.68000030517578,HFC
2018-12-18,52.65999984741211,52.38999938964844,HFC
2018-12-19,52.380001068115234,51.52000045776367,HFC
2018-12-20,50.91999816894531,50.689998626708984,HFC
2018-12-21,50.25,49.36000061035156,HFC
2018-12-22,49.28800048828125,49.216000366210935,HFC
2018-12-23,49.14400024414063,49.072000122070314,HFC
2018-12-24,49.0,46.77000045776367,HFC
2018-12-25,46.916666666666664,47.063332875569664,HFC
2018-12-26,47.209999084472656,50.81999969482422,HFC
2018-12-27,49.61000061035156,51.61000061035156,HFC
2018-12-28,52.0,51.09000015258789,HFC
2018-12-29,51.15800018310547,51.226000213623045,HFC
2018-12-30,51.294000244140626,51.3620002746582,HFC
2018-12-31,51.43000030517578,51.119998931884766,HFC
2019-01-01,50.77333323160807,50.42666753133138,HFC
2019-01-02,50.08000183105469,51.29999923706055,HFC
2019-01-03,51.22999954223633,49.06999969482422,HFC
2019-01-04,50.11000061035156,51.720001220703125,HFC
2019-01-05,51.7380012512207,51.75600128173828,HFC
2019-01-06,51.77400131225586,51.79200134277344,HFC
2019-01-07,51.810001373291016,52.34000015258789,HFC
2019-01-08,52.7599983215332,51.81999969482422,HFC
2019-01-09,52.459999084472656,52.95000076293945,HFC
2019-01-10,52.779998779296875,53.31999969482422,HFC
2019-01-11,52.90999984741211,53.52000045776367,HFC
2019-01-12,53.4,53.279999542236325,HFC
2019-01-13,53.15999908447266,53.039998626708986,HFC
2019-01-14,52.91999816894531,53.09000015258789,HFC
2019-01-15,53.65999984741211,52.86000061035156,HFC
2019-01-16,53.130001068115234,53.29999923706055,HFC
2019-01-17,52.91999816894531,55.08000183105469,HFC
2019-01-18,55.65999984741211,55.970001220703125,HFC
2019-01-19,55.89142935616629,55.812857491629465,HFC
2019-01-20,55.73428562709263,55.655713762555806,HFC
2019-01-21,55.57714189801897,55.498570033482146,HFC
2019-01-22,55.41999816894531,54.349998474121094,HFC
2019-01-23,54.59000015258789,54.209999084472656,HFC
2019-01-24,54.220001220703125,53.849998474121094,HFC
2019-01-25,54.34000015258789,55.060001373291016,HFC
2019-01-26,54.870001220703124,54.68000106811523,HFC
2019-01-27,54.49000091552735,54.300000762939455,HFC
2019-01-28,54.11000061035156,53.630001068115234,HFC
2019-01-29,53.7400016784668,54.099998474121094,HFC
2019-01-30,54.439998626708984,55.900001525878906,HFC
2019-01-31,56.5099983215332,56.34000015258789,HFC
2019-02-01,56.40999984741211,55.20000076293945,HFC
2019-02-02,55.1640007019043,55.12800064086914,HFC
2019-02-03,55.092000579833986,55.056000518798825,HFC
2019-02-04,55.02000045776367,55.13999938964844,HFC
2019-02-05,55.15999984741211,56.41999816894531,HFC
2019-02-06,55.93000030517578,56.47999954223633,HFC
2019-02-07,56.290000915527344,54.7599983215332,HFC
2019-02-08,54.36000061035156,53.95000076293945,HFC
2019-02-09,53.93600082397461,53.922000885009766,HFC
2019-02-10,53.90800094604492,53.89400100708008,HFC
2019-02-11,53.880001068115234,54.959999084472656,HFC
2019-02-12,55.5,54.77000045776367,HFC
2019-02-13,54.81999969482422,56.16999816894531,HFC
2019-02-14,56.189998626708984,57.04999923706055,HFC
2019-02-15,57.58000183105469,57.88999938964844,HFC
2019-02-16,57.86857114519392,57.8471429007394,HFC
2019-02-17,57.82571465628488,57.804286411830354,HFC
2019-02-18,57.782858167375835,57.761429922921316,HFC
2019-02-19,57.7400016784668,57.58000183105469,HFC
2019-02-20,56.9900016784668,56.099998474121094,HFC
2019-02-21,56.099998474121094,55.25,HFC
2019-02-22,55.81999969482422,55.52000045776367,HFC
2019-02-23,55.51000061035156,55.50000076293945,HFC
2019-02-24,55.49000091552735,55.480001068115236,HFC
2019-02-25,55.470001220703125,54.720001220703125,HFC
2019-02-26,54.529998779296875,53.70000076293945,HFC
2019-02-27,53.77000045776367,52.970001220703125,HFC
2019-02-28,52.72999954223633,51.20000076293945,HFC
2019-03-01,51.56999969482422,52.029998779296875,HFC
2019-03-02,52.09599914550781,52.16199951171875,HFC
2019-03-03,52.22799987792969,52.294000244140626,HFC
2019-03-04,52.36000061035156,52.06999969482422,HFC
2019-03-05,52.09000015258789,51.52000045776367,HFC
2019-03-06,51.5,50.56999969482422,HFC
2019-03-07,50.61000061035156,49.83000183105469,HFC
2019-03-08,48.970001220703125,48.79999923706055,HFC
2019-03-09,48.91199951171875,49.023999786376955,HFC
2019-03-10,49.136000061035155,49.24800033569336,HFC
2019-03-11,49.36000061035156,50.06999969482422,HFC
2019-03-12,50.13999938964844,50.70000076293945,HFC
2019-03-13,50.81999969482422,51.709999084472656,HFC
2019-03-14,51.599998474121094,52.15999984741211,HFC
2019-03-15,51.93000030517578,52.20000076293945,HFC
2019-03-16,52.220000457763675,52.24000015258789,HFC
2019-03-17,52.25999984741211,52.279999542236325,HFC
2019-03-18,52.29999923706055,52.77000045776367,HFC
2019-03-19,53.130001068115234,52.11000061035156,HFC
2019-03-20,52.0099983215332,51.45000076293945,HFC
2019-03-21,51.349998474121094,52.31999969482422,HFC
2019-03-22,51.619998931884766,50.61000061035156,HFC
2019-03-23,50.58400039672851,50.55800018310547,HFC
2019-03-24,50.53199996948242,50.50599975585938,HFC
2019-03-25,50.47999954223633,50.66999816894531,HFC
2019-03-26,51.09000015258789,51.2599983215332,HFC
2019-03-27,51.040000915527344,50.81999969482422,HFC
2019-03-28,50.470001220703125,50.25,HFC
2019-03-29,50.81999969482422,49.27000045776367,HFC
2019-03-30,49.3620002746582,49.454000091552736,HFC
2019-03-31,49.545999908447264,49.6379997253418,HFC
2019-04-01,49.72999954223633,49.119998931884766,HFC
2019-04-02,49.08000183105469,48.84000015258789,HFC
2019-04-03,49.279998779296875,49.119998931884766,HFC
2019-04-04,49.2599983215332,49.72999954223633,HFC
2019-04-05,49.779998779296875,50.04999923706055,HFC
2019-04-06,50.04399948120117,50.0379997253418,HFC
2019-04-07,50.03199996948242,50.02600021362305,HFC
2019-04-08,50.02000045776367,49.18000030517578,HFC
2019-04-09,48.93000030517578,48.16999816894531,HFC
2019-04-10,48.4900016784668,50.040000915527344,HFC
2019-04-11,50.0,50.47999954223633,HFC
2019-04-12,51.209999084472656,50.25,HFC
2019-04-13,50.241999816894534,50.23399963378906,HFC
2019-04-14,50.225999450683595,50.21799926757812,HFC
2019-04-15,50.209999084472656,48.4900016784668,HFC
2019-04-16,47.939998626708984,48.0,HFC
2019-04-17,48.36000061035156,48.41999816894531,HFC
2019-04-18,48.40999984741211,47.34000015258789,HFC
2019-04-19,47.38571439470564,47.431428636823384,HFC
2019-04-20,47.47714287894113,47.52285712105887,HFC
2019-04-21,47.568571363176616,47.61428560529436,HFC
2019-04-22,47.65999984741211,48.849998474121094,HFC
2019-04-23,48.9900016784668,48.59000015258789,HFC
2019-04-24,48.70000076293945,47.97999954223633,HFC
2019-04-25,48.029998779296875,49.4900016784668,HFC
2019-04-26,49.16999816894531,48.560001373291016,HFC
2019-04-27,48.56600112915039,48.572000885009764,HFC
2019-04-28,48.57800064086914,48.58400039672851,HFC
2019-04-29,48.59000015258789,48.54999923706055,HFC
2019-04-30,48.70000076293945,47.72999954223633,HFC
2019-05-01,47.869998931884766,47.7599983215332,HFC
2019-05-02,48.79999923706055,46.189998626708984,HFC
2019-05-03,46.43000030517578,46.7400016784668,HFC
2019-05-04,46.62200164794922,46.50400161743164,HFC
2019-05-05,46.38600158691406,46.268001556396484,HFC
2019-05-06,46.150001525878906,45.439998626708984,HFC
2019-05-07,45.0,45.470001220703125,HFC
2019-05-08,45.099998474121094,43.720001220703125,HFC
2019-05-09,43.36000061035156,43.560001373291016,HFC
2019-05-10,44.119998931884766,43.90999984741211,HFC
2019-05-11,43.79199981689453,43.67399978637695,HFC
2019-05-12,43.555999755859375,43.4379997253418,HFC
2019-05-13,43.31999969482422,42.66999816894531,HFC
2019-05-14,42.849998474121094,43.630001068115234,HFC
2019-05-15,43.470001220703125,43.709999084472656,HFC
2019-05-16,43.849998474121094,44.689998626708984,HFC
2019-05-17,43.88999938964844,42.939998626708984,HFC
2019-05-18,42.89399871826172,42.847998809814456,HFC
2019-05-19,42.801998901367185,42.75599899291992,HFC
2019-05-20,42.709999084472656,43.34000015258789,HFC
2019-05-21,43.52000045776367,44.130001068115234,HFC
2019-05-22,43.88999938964844,42.70000076293945,HFC
2019-05-23,41.9900016784668,40.959999084472656,HFC
2019-05-24,41.2400016784668,41.11000061035156,HFC
2019-05-25,41.120000566755024,41.13000052315848,HFC
2019-05-26,41.14000047956194,41.1500004359654,HFC
2019-05-27,41.160000392368865,41.17000034877232,HFC
2019-05-28,41.18000030517578,40.88999938964844,HFC
2019-05-29,40.54999923706055,40.9900016784668,HFC
2019-05-30,40.619998931884766,39.599998474121094,HFC
2019-05-31,38.7400016784668,37.97999954223633,HFC
2019-06-01,37.987999725341794,37.99599990844727,HFC
2019-06-02,38.00400009155273,38.012000274658206,HFC
2019-06-03,38.02000045776367,38.65999984741211,HFC
2019-06-04,38.75,39.66999816894531,HFC
2019-06-05,39.7400016784668,40.83000183105469,HFC
2019-06-06,40.7599983215332,40.06999969482422,HFC
2019-06-07,40.15999984741211,40.09000015258789,HFC
2019-06-08,40.17000045776367,40.25000076293945,HFC
2019-06-09,40.33000106811524,40.41000137329102,HFC
2019-06-10,40.4900016784668,40.220001220703125,HFC
2019-06-11,40.7599983215332,40.52000045776367,HFC
2019-06-12,40.29999923706055,39.59000015258789,HFC
2019-06-13,39.9900016784668,40.400001525878906,HFC
2019-06-14,40.34000015258789,40.29999923706055,HFC
2019-06-15,40.2739990234375,40.247998809814455,HFC
2019-06-16,40.221998596191405,40.19599838256836,HFC
2019-06-17,40.16999816894531,40.939998626708984,HFC
2019-06-18,40.95000076293945,41.41999816894531,HFC
2019-06-19,41.4900016784668,41.43000030517578,HFC
2019-06-20,42.349998474121094,43.650001525878906,HFC
2019-06-21,44.0,44.119998931884766,HFC
2019-06-22,44.0759994506836,44.03199996948242,HFC
2019-06-23,43.98800048828125,43.944001007080075,HFC
2019-06-24,43.900001525878906,43.84000015258789,HFC
2019-06-25,43.59000015258789,43.880001068115234,HFC
2019-06-26,44.25,44.41999816894531,HFC
2019-06-27,44.400001525878906,45.2400016784668,HFC
2019-06-28,45.2599983215332,46.279998779296875,HFC
2019-06-29,46.4359992980957,46.59199981689453,HFC
2019-06-30,46.74800033569336,46.90400085449219,HFC
2019-07-01,47.060001373291016,45.95000076293945,HFC
2019-07-02,45.939998626708984,45.650001525878906,HFC
2019-07-03,45.709999084472656,45.349998474121094,HFC
2019-07-04,45.32333246866862,45.29666646321615,HFC
2019-07-05,45.27000045776367,45.83000183105469,HFC
2019-07-06,45.81400146484375,45.79800109863281,HFC
2019-07-07,45.78200073242188,45.76600036621094,HFC
2019-07-08,45.75,45.88999938964844,HFC
2019-07-09,45.849998474121094,46.349998474121094,HFC
2019-07-10,46.790000915527344,46.939998626708984,HFC
2019-07-11,47.18000030517578,48.150001525878906,HFC
2019-07-12,48.22999954223633,48.540000915527344,HFC
2019-07-13,48.502000427246095,48.46399993896485,HFC
2019-07-14,48.42599945068359,48.38799896240234,HFC
2019-07-15,48.349998474121094,47.9900016784668,HFC
2019-07-16,48.040000915527344,47.83000183105469,HFC
2019-07-17,47.65999984741211,47.54999923706055,HFC
2019-07-18,47.06999969482422,48.15999984741211,HFC
2019-07-19,48.31999969482422,48.529998779296875,HFC
2019-07-20,48.56399917602539,48.597999572753906,HFC
2019-07-21,48.63199996948242,48.66600036621094,HFC
2019-07-22,48.70000076293945,48.20000076293945,HFC
2019-07-23,48.20000076293945,48.36000061035156,HFC
2019-07-24,48.2400016784668,49.5099983215332,HFC
2019-07-25,49.630001068115234,49.31999969482422,HFC
2019-07-26,49.29999923706055,49.599998474121094,HFC
2019-07-27,49.56599884033203,49.53199920654297,HFC
2019-07-28,49.497999572753905,49.46399993896485,HFC
2019-07-29,49.43000030517578,49.58000183105469,HFC
2019-07-30,49.369998931884766,50.09000015258789,HFC
2019-07-31,50.06999969482422,49.77000045776367,HFC
2019-08-01,50.97999954223633,52.189998626708984,HFC
2019-08-02,52.06999969482422,51.130001068115234,HFC
2019-08-03,50.93800048828125,50.74599990844727,HFC
2019-08-04,50.55399932861328,50.3619987487793,HFC
2019-08-05,50.16999816894531,48.79999923706055,HFC
2019-08-06,49.54999923706055,49.38999938964844,HFC
2019-08-07,48.81999969482422,50.349998474121094,HFC
2019-08-08,50.29999923706055,51.040000915527344,HFC
2019-08-09,51.2400016784668,48.560001373291016,HFC
2019-08-10,48.47400131225586,48.3880012512207,HFC
2019-08-11,48.30200119018555,48.21600112915039,HFC
2019-08-12,48.130001068115234,46.68000030517578,HFC
2019-08-13,46.459999084472656,47.0,HFC
2019-08-14,45.959999084472656,44.279998779296875,HFC
2019-08-15,44.20000076293945,43.86000061035156,HFC
2019-08-16,44.290000915527344,44.349998474121094,HFC
2019-08-17,44.52199859619141,44.69399871826172,HFC
2019-08-18,44.86599884033203,45.03799896240234,HFC
2019-08-19,45.209999084472656,45.880001068115234,HFC
2019-08-20,45.54999923706055,45.79999923706055,HFC
2019-08-21,46.400001525878906,45.369998931884766,HFC
2019-08-22,45.5099983215332,45.619998931884766,HFC
2019-08-23,45.20000076293945,43.630001068115234,HFC
2019-08-24,43.72800064086914,43.82600021362305,HFC
2019-08-25,43.92399978637695,44.02199935913086,HFC
2019-08-26,44.119998931884766,43.880001068115234,HFC
2019-08-27,44.27000045776367,43.150001525878906,HFC
2019-08-28,42.869998931884766,43.34000015258789,HFC
2019-08-29,43.5,44.5099983215332,HFC
2019-08-30,44.650001525878906,44.36000061035156,HFC
2019-08-31,44.24285779680525,44.12571498325893,HFC
2019-09-01,44.008572169712615,43.89142935616629,HFC
2019-09-02,43.774286542619976,43.65714372907366,HFC
2019-09-03,43.540000915527344,45.16999816894531,HFC
2019-09-04,45.7400016784668,45.810001373291016,HFC
2019-09-05,46.5,47.619998931884766,HFC
2019-09-06,47.900001525878906,48.63999938964844,HFC
2019-09-07,48.69799957275391,48.75599975585938,HFC
2019-09-08,48.81399993896484,48.87200012207031,HFC
2019-09-09,48.93000030517578,50.43000030517578,HFC
2019-09-10,50.40999984741211,51.15999984741211,HFC
2019-09-11,51.439998626708984,51.2599983215332,HFC
2019-09-12,50.630001068115234,50.689998626708984,HFC
2019-09-13,51.18000030517578,51.380001068115234,HFC
2019-09-14,51.36200103759766,51.34400100708008,HFC
2019-09-15,51.3260009765625,51.30800094604492,HFC
2019-09-16,51.290000915527344,53.779998779296875,HFC
2019-09-17,53.36000061035156,53.040000915527344,HFC
2019-09-18,53.040000915527344,53.04999923706055,HFC
2019-09-19,53.290000915527344,52.779998779296875,HFC
2019-09-20,52.97999954223633,52.630001068115234,HFC
2019-09-21,52.53000106811523,52.43000106811523,HFC
2019-09-22,52.33000106811524,52.230001068115236,HFC
2019-09-23,52.130001068115234,53.16999816894531,HFC
2019-09-24,52.970001220703125,52.25,HFC
2019-09-25,52.31999969482422,53.34000015258789,HFC
2019-09-26,53.130001068115234,53.5099983215332,HFC
2019-09-27,53.599998474121094,53.58000183105469,HFC
2019-09-28,53.5900016784668,53.60000152587891,HFC
2019-09-29,53.61000137329101,53.620001220703124,HFC
2019-09-30,53.630001068115234,53.63999938964844,HFC
2019-10-01,53.97999954223633,53.29999923706055,HFC
2019-10-02,52.79999923706055,51.630001068115234,HFC
2019-10-03,51.369998931884766,52.790000915527344,HFC
2019-10-04,53.279998779296875,53.58000183105469,HFC
2019-10-05,53.598001098632814,53.61600036621094,HFC
2019-10-06,53.63399963378906,53.651998901367186,HFC
2019-10-07,53.66999816894531,52.970001220703125,HFC
2019-10-08,52.43000030517578,52.09000015258789,HFC
2019-10-09,52.79999923706055,52.2599983215332,HFC
2019-10-10,52.540000915527344,53.16999816894531,HFC
2019-10-11,53.900001525878906,53.880001068115234,HFC
2019-10-12,53.832000732421875,53.784000396728516,HFC
2019-10-13,53.736000061035156,53.6879997253418,HFC
2019-10-14,53.63999938964844,53.66999816894531,HFC
2019-10-15,53.61000061035156,54.689998626708984,HFC
2019-10-16,54.560001373291016,53.63999938964844,HFC
2019-10-17,54.06999969482422,55.099998474121094,HFC
2019-10-18,54.84000015258789,54.79999923706055,HFC
2019-10-19,54.88199920654297,54.96399917602539,HFC
2019-10-20,55.045999145507814,55.12799911499023,HFC
2019-10-21,55.209999084472656,55.25,HFC
2019-10-22,55.4900016784668,55.54999923706055,HFC
2019-10-23,55.4900016784668,55.630001068115234,HFC
2019-10-24,55.95000076293945,56.040000915527344,HFC
2019-10-25,56.22999954223633,57.41999816894531,HFC
2019-10-26,57.47999877929688,57.539999389648436,HFC
2019-10-27,57.6,57.66000061035156,HFC
2019-10-28,57.720001220703125,58.25,HFC
2019-10-29,58.08000183105469,58.0,HFC
2019-10-30,58.040000915527344,56.869998931884766,HFC
2019-10-31,58.119998931884766,54.939998626708984,HFC
2019-11-01,55.150001525878906,54.34000015258789,HFC
2019-11-02,54.48800048828125,54.63600082397461,HFC
2019-11-03,54.784001159667966,54.93200149536133,HFC
2019-11-04,55.08000183105469,54.31999969482422,HFC
2019-11-05,54.880001068115234,55.88999938964844,HFC
2019-11-06,55.56999969482422,53.41999816894531,HFC
2019-11-07,53.97999954223633,54.7400016784668,HFC
2019-11-08,54.43000030517578,54.13999938964844,HFC
2019-11-09,54.04799957275391,53.955999755859374,HFC
2019-11-10,53.863999938964845,53.77200012207031,HFC
2019-11-11,53.68000030517578,54.130001068115234,HFC
2019-11-12,54.529998779296875,53.439998626708984,HFC
2019-11-13,52.9900016784668,52.59000015258789,HFC
2019-11-14,53.02000045776367,53.880001068115234,HFC
2019-11-15,53.93000030517578,52.540000915527344,HFC
2019-11-16,52.698001098632815,52.85600128173828,HFC
2019-11-17,53.01400146484375,53.172001647949216,HFC
2019-11-18,53.33000183105469,53.90999984741211,HFC
2019-11-19,53.630001068115234,52.29999923706055,HFC
2019-11-20,52.119998931884766,52.36000061035156,HFC
2019-11-21,52.5,53.34000015258789,HFC
2019-11-22,53.5,52.970001220703125,HFC
2019-11-23,52.97200088500976,52.97400054931641,HFC
2019-11-24,52.976000213623045,52.97799987792969,HFC
2019-11-25,52.97999954223633,53.349998474121094,HFC
2019-11-26,53.11000061035156,52.650001525878906,HFC
2019-11-27,52.810001373291016,52.29999923706055,HFC
2019-11-28,52.16999944051107,52.039999643961586,HFC
2019-11-29,51.90999984741211,51.54999923706055,HFC
2019-11-30,51.597999572753906,51.645999908447266,HFC
2019-12-01,51.694000244140625,51.742000579833984,HFC
2019-12-02,51.790000915527344,52.720001220703125,HFC
2019-12-03,52.27000045776367,51.86000061035156,HFC
2019-12-04,52.20000076293945,50.779998779296875,HFC
2019-12-05,50.939998626708984,50.75,HFC
2019-12-06,50.959999084472656,50.939998626708984,HFC
2019-12-07,50.85799865722656,50.77599868774414,HFC
2019-12-08,50.69399871826172,50.6119987487793,HFC
2019-12-09,50.529998779296875,49.40999984741211,HFC
2019-12-10,49.33000183105469,50.060001373291016,HFC
2019-12-11,50.13999938964844,50.099998474121094,HFC
2019-12-12,50.150001525878906,50.45000076293945,HFC
2019-12-13,50.5,50.189998626708984,HFC
2019-12-14,50.23399887084961,50.27799911499024,HFC
2019-12-15,50.32199935913086,50.36599960327148,HFC
2019-12-16,50.40999984741211,51.540000915527344,HFC
2019-12-17,51.58000183105469,50.869998931884766,HFC
2019-12-18,50.88999938964844,50.790000915527344,HFC
2019-12-19,50.900001525878906,50.95000076293945,HFC
2019-12-20,51.41999816894531,51.459999084472656,HFC
2019-12-21,51.4359992980957,51.41199951171875,HFC
2019-12-22,51.3879997253418,51.363999938964845,HFC
2019-12-23,51.34000015258789,51.7599983215332,HFC
2019-12-24,51.77000045776367,51.619998931884766,HFC
2019-12-25,51.6499989827474,51.679999033610024,HFC
2019-12-26,51.709999084472656,51.5099983215332,HFC
2019-12-27,51.540000915527344,50.97999954223633,HFC
2019-12-28,50.97199935913086,50.96399917602539,HFC
2019-12-29,50.95599899291992,50.94799880981445,HFC
2019-12-30,50.939998626708984,49.83000183105469,HFC
2019-12-31,49.75,50.709999084472656,HFC
2020-01-01,50.836666107177734,50.96333312988281,HFC
2020-01-02,51.09000015258789,51.38999938964844,HFC
2020-01-03,51.099998474121094,48.18000030517578,HFC
2020-01-04,48.113999938964845,48.04799957275391,HFC
2020-01-05,47.981999206542966,47.91599884033203,HFC
2020-01-06,47.849998474121094,48.0,HFC
2020-01-07,47.150001525878906,48.349998474121094,HFC
2020-01-08,48.34000015258789,47.709999084472656,HFC
2020-01-09,47.68000030517578,48.15999984741211,HFC
2020-01-10,48.22999954223633,48.689998626708984,HFC
2020-01-11,48.689998626708984,48.689998626708984,HFC
2020-01-12,48.689998626708984,48.689998626708984,HFC
2020-01-13,48.689998626708984,48.33000183105469,HFC
2020-01-14,48.13999938964844,48.52000045776367,HFC
2020-01-15,48.029998779296875,46.63999938964844,HFC
2020-01-16,46.93000030517578,46.93000030517578,HFC
2020-01-17,46.93000030517578,46.91999816894531,HFC
2020-01-18,46.87285559517996,46.82571302141462,HFC
2020-01-19,46.77857044764927,46.73142787388393,HFC
2020-01-20,46.68428530011858,46.63714272635324,HFC
2020-01-21,46.59000015258789,46.84000015258789,HFC
2020-01-22,46.849998474121094,46.5,HFC
2020-01-23,46.22999954223633,46.20000076293945,HFC
2020-01-24,46.02000045776367,46.529998779296875,HFC
2020-01-25,46.301998901367185,46.0739990234375,HFC
2020-01-26,45.84599914550781,45.61799926757813,HFC
2020-01-27,45.38999938964844,44.130001068115234,HFC
2020-01-28,44.34000015258789,45.599998474121094,HFC
2020-01-29,45.93000030517578,45.97999954223633,HFC
2020-01-30,45.310001373291016,45.189998626708984,HFC
2020-01-31,44.59000015258789,44.91999816894531,HFC
2020-02-01,44.93599853515625,44.95199890136719,HFC
2020-02-02,44.96799926757812,44.98399963378906,HFC
2020-02-03,45.0,43.13999938964844,HFC
2020-02-04,43.91999816894531,42.7400016784668,HFC
2020-02-05,43.439998626708984,44.310001373291016,HFC
2020-02-06,44.310001373291016,43.439998626708984,HFC
2020-02-07,43.13999938964844,43.52000045776367,HFC
2020-02-08,43.454000091552736,43.3879997253418,HFC
2020-02-09,43.32199935913086,43.25599899291992,HFC
2020-02-10,43.189998626708984,43.38999938964844,HFC
2020-02-11,43.790000915527344,44.45000076293945,HFC
2020-02-12,45.220001220703125,44.79999923706055,HFC
2020-02-13,44.709999084472656,43.58000183105469,HFC
2020-02-14,43.810001373291016,43.31999969482422,HFC
2020-02-15,43.285714285714285,43.25142887660435,HFC
2020-02-16,43.21714346749442,43.18285805838449,HFC
2020-02-17,43.148572649274556,43.11428724016462,HFC
2020-02-18,43.08000183105469,42.52000045776367,HFC
2020-02-19,42.619998931884766,42.81999969482422,HFC
2020-02-20,40.810001373291016,42.61000061035156,HFC
2020-02-21,42.41999816894531,43.029998779296875,HFC
2020-02-22,42.61599884033203,42.20199890136719,HFC
2020-02-23,41.78799896240234,41.3739990234375,HFC
2020-02-24,40.959999084472656,39.86000061035156,HFC
2020-02-25,40.0,38.130001068115234,HFC
2020-02-26,38.20000076293945,35.97999954223633,HFC
2020-02-27,35.0,32.36000061035156,HFC
2020-02-28,31.719999313354492,33.68000030517578,HFC
2020-02-29,33.816000366210936,33.95200042724609,HFC
2020-03-01,34.08800048828125,34.22400054931641,HFC
2020-03-02,34.36000061035156,34.040000915527344,HFC
2020-03-03,34.0,33.11000061035156,HFC
2020-03-04,33.540000915527344,32.790000915527344,HFC
2020-03-05,31.75,30.84000015258789,HFC
2020-03-06,29.770000457763672,28.610000610351562,HFC
2020-03-07,28.09600067138672,27.582000732421875,HFC
2020-03-08,27.06800079345703,26.554000854492188,HFC
2020-03-09,26.040000915527344,24.100000381469727,HFC
2020-03-10,25.5,23.8700008392334,HFC
2020-03-11,22.809999465942383,22.1200008392334,HFC
2020-03-12,20.360000610351562,19.440000534057617,HFC
2020-03-13,21.290000915527344,22.65999984741211,HFC
2020-03-14,21.986000061035156,21.312000274658203,HFC
2020-03-15,20.63800048828125,19.964000701904297,HFC
2020-03-16,19.290000915527344,21.209999084472656,HFC
2020-03-17,21.43000030517578,21.450000762939453,HFC
2020-03-18,19.889999389648438,22.260000228881836,HFC
2020-03-19,22.510000228881836,20.979999542236328,HFC
2020-03-20,21.489999771118164,22.280000686645508,HFC
2020-03-21,22.202000427246094,22.12400016784668,HFC
2020-03-22,22.045999908447264,21.96799964904785,HFC
2020-03-23,21.889999389648438,18.65999984741211,HFC
2020-03-24,19.889999389648438,19.309999465942383,HFC
2020-03-25,19.8700008392334,21.559999465942383,HFC
2020-03-26,22.860000610351562,23.950000762939453,HFC
2020-03-27,22.969999313354492,24.25,HFC
2020-03-28,24.104000091552734,23.95800018310547,HFC
2020-03-29,23.812000274658203,23.666000366210938,HFC
2020-03-30,23.520000457763672,26.020000457763672,HFC
2020-03-31,26.760000228881836,24.510000228881836,HFC
2020-04-01,23.450000762939453,21.729999542236328,HFC
2020-04-02,22.530000686645508,22.940000534057617,HFC
2020-04-03,23.790000915527344,22.3799991607666,HFC
2020-04-04,22.58799934387207,22.79599952697754,HFC
2020-04-05,23.003999710083008,23.211999893188477,HFC
2020-04-06,23.420000076293945,25.959999084472656,HFC
2020-04-07,27.049999237060547,25.969999313354492,HFC
2020-04-08,26.65999984741211,26.6299991607666,HFC
2020-04-09,27.790000915527344,26.420000076293945,HFC
2020-04-10,26.242857251848495,26.06571442740304,HFC
2020-04-11,25.88857160295759,25.711428778512136,HFC
2020-04-12,25.534285954066686,25.35714312962123,HFC
2020-04-13,25.18000030517578,25.049999237060547,HFC
2020-04-14,25.229999542236328,25.06999969482422,HFC
2020-04-15,23.81999969482422,23.799999237060547,HFC
2020-04-16,24.040000915527344,23.06999969482422,HFC
2020-04-17,23.559999465942383,27.020000457763672,HFC
2020-04-18,26.716000366210938,26.412000274658205,HFC
2020-04-19,26.108000183105467,25.804000091552734,HFC
2020-04-20,25.5,26.219999313354492,HFC
2020-04-21,25.399999618530273,26.579999923706055,HFC
2020-04-22,27.8700008392334,26.8799991607666,HFC
2020-04-23,27.360000610351562,28.56999969482422,HFC
2020-04-24,28.979999542236328,28.559999465942383,HFC
2020-04-25,28.597999572753906,28.63599967956543,HFC
2020-04-26,28.673999786376953,28.711999893188477,HFC
2020-04-27,28.75,29.760000228881836,HFC
2020-04-28,30.25,30.729999542236328,HFC
2020-04-29,31.90999984741211,33.630001068115234,HFC
2020-04-30,33.380001068115234,33.040000915527344,HFC
2020-05-01,32.0,30.31999969482422,HFC
2020-05-02,30.367999649047853,30.415999603271484,HFC
2020-05-03,30.463999557495118,30.51199951171875,HFC
2020-05-04,30.559999465942383,32.529998779296875,HFC
2020-05-05,34.09000015258789,31.34000015258789,HFC
2020-05-06,31.860000610351562,30.010000228881836,HFC
2020-05-07,29.809999465942383,28.309999465942383,HFC
2020-05-08,29.0,31.209999084472656,HFC
2020-05-09,31.123999404907227,31.0379997253418,HFC
2020-05-10,30.952000045776366,30.866000366210937,HFC
2020-05-11,30.780000686645508,30.209999084472656,HFC
2020-05-12,30.520000457763672,28.700000762939453,HFC
2020-05-13,28.559999465942383,27.469999313354492,HFC
2020-05-14,26.760000228881836,27.610000610351562,HFC
2020-05-15,27.479999542236328,26.8700008392334,HFC
2020-05-16,27.192000579833984,27.51400032043457,HFC
2020-05-17,27.836000061035158,28.157999801635743,HFC
2020-05-18,28.479999542236328,30.860000610351562,HFC
2020-05-19,30.739999771118164,29.459999084472656,HFC
2020-05-20,30.34000015258789,31.75,HFC
2020-05-21,31.75,30.989999771118164,HFC
2020-05-22,30.459999084472656,30.459999084472656,HFC
2020-05-23,30.64428492954799,30.828570774623326,HFC
2020-05-24,31.01285661969866,31.197142464773997,HFC
2020-05-25,31.38142830984933,31.565714154924667,HFC
2020-05-26,31.75,32.29999923706055,HFC
2020-05-27,33.0099983215332,33.060001373291016,HFC
2020-05-28,33.04999923706055,31.469999313354492,HFC
2020-05-29,31.040000915527344,31.450000762939453,HFC
2020-05-30,31.502000427246095,31.554000091552734,HFC
2020-05-31,31.605999755859376,31.657999420166014,HFC
2020-06-01,31.709999084472656,31.139999389648438,HFC
2020-06-02,31.479999542236328,32.59000015258789,HFC
2020-06-03,33.20000076293945,33.709999084472656,HFC
2020-06-04,33.4900016784668,34.41999816894531,HFC
2020-06-05,35.869998931884766,36.77000045776367,HFC
2020-06-06,37.07600021362305,37.38199996948242,HFC
2020-06-07,37.6879997253418,37.99399948120117,HFC
2020-06-08,38.29999923706055,37.31999969482422,HFC
2020-06-09,35.599998474121094,35.33000183105469,HFC
2020-06-10,34.810001373291016,34.220001220703125,HFC
2020-06-11,31.75,30.260000228881836,HFC
2020-06-12,31.100000381469727,31.3799991607666,HFC
2020-06-13,31.07199935913086,30.76399955749512,HFC
2020-06-14,30.455999755859374,30.147999954223632,HFC
2020-06-15,29.84000015258789,31.479999542236328,HFC
2020-06-16,33.130001068115234,32.70000076293945,HFC
2020-06-17,32.720001220703125,31.040000915527344,HFC
2020-06-18,30.610000610351562,32.560001373291016,HFC
2020-06-19,33.599998474121094,32.2400016784668,HFC
2020-06-20,32.180001449584964,32.120001220703124,HFC
2020-06-21,32.06000099182129,32.00000076293945,HFC
2020-06-22,31.940000534057617,31.729999542236328,HFC
2020-06-23,32.279998779296875,31.479999542236328,HFC
2020-06-24,30.829999923706055,29.579999923706055,HFC
2020-06-25,29.06999969482422,29.639999389648438,HFC
2020-06-26,29.3700008392334,28.209999084472656,HFC
2020-06-27,28.261999130249023,28.31399917602539,HFC
2020-06-28,28.365999221801758,28.417999267578125,HFC
2020-06-29,28.469999313354492,28.450000762939453,HFC
2020-06-30,27.579999923706055,29.200000762939453,HFC
2020-07-01,29.40999984741211,27.709999084472656,HFC
2020-07-02,28.3799991607666,27.219999313354492,HFC
2020-07-03,27.285713740757533,27.351428168160574,HFC
2020-07-04,27.417142595563615,27.48285702296666,HFC
2020-07-05,27.5485714503697,27.61428587777274,HFC
2020-07-06,27.68000030517578,28.049999237060547,HFC
2020-07-07,27.59000015258789,27.100000381469727,HFC
2020-07-08,26.309999465942383,27.600000381469727,HFC
2020-07-09,27.43000030517578,26.209999084472656,HFC
2020-07-10,26.059999465942383,27.559999465942383,HFC
2020-07-11,27.575999450683593,27.591999435424803,HFC
2020-07-12,27.607999420166017,27.623999404907227,HFC
2020-07-13,27.639999389648438,26.979999542236328,HFC
2020-07-14,26.700000762939453,27.229999542236328,HFC
2020-07-15,28.030000686645508,28.68000030517578,HFC
2020-07-16,28.3700008392334,28.40999984741211,HFC
2020-07-17,28.530000686645508,27.479999542236328,HFC
2020-07-18,27.449999618530274,27.41999969482422,HFC
2020-07-19,27.389999771118163,27.35999984741211,HFC
2020-07-20,27.329999923706055,26.549999237060547,HFC
2020-07-21,26.899999618530273,27.809999465942383,HFC
2020-07-22,26.979999542236328,27.34000015258789,HFC
2020-07-23,27.15999984741211,27.31999969482422,HFC
2020-07-24,27.450000762939453,26.979999542236328,HFC
2020-07-25,26.955999755859374,26.931999969482423,HFC
2020-07-26,26.908000183105468,26.884000396728517,HFC
2020-07-27,26.860000610351562,26.649999618530273,HFC
2020-07-28,26.600000381469727,26.149999618530273,HFC
2020-07-29,26.239999771118164,27.739999771118164,HFC
2020-07-30,27.0,26.790000915527344,HFC
2020-07-31,26.5,27.5,HFC
2020-08-01,27.520000076293947,27.54000015258789,HFC
2020-08-02,27.560000228881837,27.58000030517578,HFC
2020-08-03,27.600000381469727,26.670000076293945,HFC
2020-08-04,26.389999389648438,26.030000686645508,HFC
2020-08-05,26.549999237060547,25.959999084472656,HFC
2020-08-06,26.25,24.6200008392334,HFC
2020-08-07,24.75,25.5,HFC
2020-08-08,25.529999923706054,25.559999847412108,HFC
2020-08-09,25.589999771118165,25.61999969482422,HFC
2020-08-10,25.649999618530273,26.1200008392334,HFC
2020-08-11,26.68000030517578,26.489999771118164,HFC
2020-08-12,27.020000457763672,27.219999313354492,HFC
2020-08-13,26.75,25.520000457763672,HFC
2020-08-14,25.010000228881836,25.989999771118164,HFC
2020-08-15,25.98599967956543,25.981999588012695,HFC
2020-08-16,25.97799949645996,25.973999404907225,HFC
2020-08-17,25.969999313354492,26.5,HFC
2020-08-18,26.3700008392334,25.690000534057617,HFC
2020-08-19,25.56999969482422,25.899999618530273,HFC
2020-08-20,25.520000457763672,25.350000381469727,HFC
2020-08-21,25.170000076293945,24.979999542236328,HFC
2020-08-22,25.039999771118165,25.1,HFC
2020-08-23,25.160000228881835,25.22000045776367,HFC
2020-08-24,25.280000686645508,26.139999389648438,HFC
2020-08-25,26.280000686645508,26.049999237060547,HFC
2020-08-26,26.15999984741211,25.90999984741211,HFC
2020-08-27,25.84000015258789,24.959999084472656,HFC
2020-08-28,25.100000381469727,25.809999465942383,HFC
2020-08-29,25.791999435424806,25.773999404907226,HFC
2020-08-30,25.75599937438965,25.73799934387207,HFC
2020-08-31,25.719999313354492,23.8700008392334,HFC
2020-09-01,23.920000076293945,23.959999084472656,HFC
2020-09-02,23.700000762939453,23.530000686645508,HFC
2020-09-03,23.829999923706055,23.530000686645508,HFC
2020-09-04,23.739999771118164,22.81999969482422,HFC
2020-09-05,22.759999683925084,22.69999967302595,HFC
2020-09-06,22.639999662126815,22.579999651227677,HFC
2020-09-07,22.519999640328543,22.459999629429408,HFC
2020-09-08,22.399999618530273,21.850000381469727,HFC
2020-09-09,21.8700008392334,21.459999084472656,HFC
2020-09-10,21.510000228881836,20.549999237060547,HFC
2020-09-11,20.59000015258789,20.950000762939453,HFC
2020-09-12,20.974000549316408,20.99800033569336,HFC
2020-09-13,21.022000122070313,21.045999908447264,HFC
2020-09-14,21.06999969482422,21.709999084472656,HFC
2020-09-15,21.760000228881836,21.690000534057617,HFC
2020-09-16,21.760000228881836,22.520000457763672,HFC
2020-09-17,21.959999084472656,22.270000457763672,HFC
2020-09-18,22.1200008392334,21.989999771118164,HFC
2020-09-19,21.86599998474121,21.74200019836426,HFC
2020-09-20,21.618000411987303,21.49400062561035,HFC
2020-09-21,21.3700008392334,21.209999084472656,HFC
2020-09-22,21.229999542236328,21.100000381469727,HFC
2020-09-23,21.059999465942383,20.030000686645508,HFC
2020-09-24,19.889999389648438,20.040000915527344,HFC
2020-09-25,19.719999313354492,20.149999618530273,HFC
2020-09-26,20.237999725341798,20.32599983215332,HFC
2020-09-27,20.413999938964842,20.502000045776366,HFC
2020-09-28,20.59000015258789,20.889999389648438,HFC
2020-09-29,20.799999237060547,20.18000030517578,HFC
2020-09-30,20.139999389648438,19.709999084472656,HFC
2020-10-01,19.389999389648438,18.940000534057617,HFC
2020-10-02,18.5,19.600000381469727,HFC
2020-10-03,19.668000411987304,19.73600044250488,HFC
2020-10-04,19.804000473022462,19.87200050354004,HFC
2020-10-05,19.940000534057617,20.030000686645508,HFC
2020-10-06,20.3799991607666,20.1299991607666,HFC
2020-10-07,20.260000228881836,20.700000762939453,HFC
2020-10-08,20.899999618530273,21.5,HFC
2020-10-09,21.639999389648438,20.8700008392334,HFC
2020-10-10,20.85200080871582,20.83400077819824,HFC
2020-10-11,20.816000747680665,20.798000717163085,HFC
2020-10-12,20.780000686645508,20.770000457763672,HFC
2020-10-13,20.639999389648438,19.850000381469727,HFC
2020-10-14,20.0,20.510000228881836,HFC
2020-10-15,20.020000457763672,21.190000534057617,HFC
2020-10-16,21.110000610351562,20.15999984741211,HFC
2020-10-17,20.15,20.14000015258789,HFC
2020-10-18,20.13000030517578,20.120000457763673,HFC
2020-10-19,20.110000610351562,19.469999313354492,HFC
2020-10-20,19.700000762939453,19.600000381469727,HFC
2020-10-21,19.420000076293945,19.149999618530273,HFC
2020-10-22,19.020000457763672,19.93000030517578,HFC
2020-10-23,20.149999618530273,20.389999389648438,HFC
2020-10-24,20.317999649047852,20.245999908447267,HFC
2020-10-25,20.17400016784668,20.102000427246093,HFC
2020-10-26,20.030000686645508,19.3799991607666,HFC
2020-10-27,19.239999771118164,18.56999969482422,HFC
2020-10-28,18.0,17.229999542236328,HFC
2020-10-29,17.030000686645508,17.790000915527344,HFC
2020-10-30,17.709999084472656,18.510000228881836,HFC
2020-10-31,18.584000015258788,18.657999801635743,HFC
2020-11-01,18.731999588012695,18.80599937438965,HFC
2020-11-02,18.8799991607666,19.219999313354492,HFC
2020-11-03,19.5,19.049999237060547,HFC
2020-11-04,19.049999237060547,18.729999542236328,HFC
2020-11-05,18.8700008392334,18.670000076293945,HFC
2020-11-06,18.520000457763672,17.56999969482422,HFC
2020-11-07,17.953999710083007,18.337999725341795,HFC
2020-11-08,18.721999740600587,19.105999755859376,HFC
2020-11-09,19.489999771118164,22.559999465942383,HFC
2020-11-10,22.600000381469727,21.649999618530273,HFC
2020-11-11,21.889999389648438,21.299999237060547,HFC
2020-11-12,20.899999618530273,20.670000076293945,HFC
2020-11-13,20.809999465942383,22.139999389648438,HFC
2020-11-14,22.43599967956543,22.731999969482423,HFC
2020-11-15,23.028000259399413,23.324000549316406,HFC
2020-11-16,23.6200008392334,24.170000076293945,HFC
2020-11-17,23.6299991607666,23.610000610351562,HFC
2020-11-18,23.81999969482422,22.719999313354492,HFC
2020-11-19,22.299999237060547,22.8799991607666,HFC
2020-11-20,22.450000762939453,22.149999618530273,HFC
2020-11-21,22.229999542236328,22.309999465942383,HFC
2020-11-22,22.389999389648438,22.469999313354492,HFC
2020-11-23,22.549999237060547,24.360000610351562,HFC
2020-11-24,25.280000686645508,25.799999237060547,HFC
2020-11-25,25.40999984741211,25.239999771118164,HFC
2020-11-26,25.166666666666668,25.093333562215168,HFC
2020-11-27,25.020000457763672,24.93000030517578,HFC
2020-11-28,24.84800033569336,24.76600036621094,HFC
2020-11-29,24.684000396728514,24.602000427246093,HFC
2020-11-30,24.520000457763672,23.389999389648438,HFC
2020-12-01,24.260000228881836,24.18000030517578,HFC
2020-12-02,23.959999084472656,26.229999542236328,HFC
2020-12-03,26.3799991607666,26.889999389648438,HFC
2020-12-04,27.65999984741211,28.549999237060547,HFC
2020-12-05,28.457999420166015,28.365999603271483,HFC
2020-12-06,28.273999786376955,28.181999969482423,HFC
2020-12-07,28.09000015258789,27.420000076293945,HFC
2020-12-08,27.020000457763672,27.06999969482422,HFC
2020-12-09,27.389999389648438,27.149999618530273,HFC
2020-12-10,27.09000015258789,28.440000534057617,HFC
2020-12-11,28.540000915527344,27.479999542236328,HFC
2020-12-12,27.583999633789062,27.687999725341797,HFC
2020-12-13,27.79199981689453,27.895999908447266,HFC
2020-12-14,28.0,25.899999618530273,HFC
2020-12-15,26.260000228881836,26.43000030517578,HFC
2020-12-16,26.280000686645508,25.559999465942383,HFC
2020-12-17,25.729999542236328,25.639999389648438,HFC
2020-12-18,25.530000686645508,25.170000076293945,HFC
2020-12-19,24.963999938964843,24.75799980163574,HFC
2020-12-20,24.551999664306642,24.34599952697754,HFC
2020-12-21,24.139999389648438,24.809999465942383,HFC
2020-12-22,24.649999618530273,24.31999969482422,HFC
2020-12-23,24.6299991607666,25.450000762939453,HFC
2020-12-24,25.399999618530273,25.350000381469727,HFC
2020-12-25,25.371428898402623,25.39285741533552,HFC
2020-12-26,25.414285932268417,25.43571444920131,HFC
2020-12-27,25.457142966134207,25.478571483067103,HFC
2020-12-28,25.5,25.219999313354492,HFC
2020-12-29,25.399999618530273,25.270000457763672,HFC
2020-12-30,25.299999237060547,26.079999923706055,HFC
2020-12-31,25.889999389648438,25.850000381469727,HFC
2021-01-01,25.87857164655413,25.907142911638534,HFC
2021-01-02,25.935714176722936,25.964285441807338,HFC
2021-01-03,25.99285670689174,26.021427971976145,HFC
2021-01-04,26.049999237060547,25.270000457763672,HFC
2021-01-05,25.520000457763672,25.579999923706055,HFC
2021-01-06,26.34000015258789,25.639999389648438,HFC
2021-01-07,25.799999237060547,26.1200008392334,HFC
2021-01-08,26.420000076293945,25.389999389648438,HFC
2021-01-09,25.243999481201172,25.097999572753906,HFC
2021-01-10,24.95199966430664,24.805999755859375,HFC
2021-01-11,24.65999984741211,25.860000610351562,HFC
2021-01-12,26.110000610351562,27.350000381469727,HFC
2021-01-13,27.190000534057617,26.34000015258789,HFC
2021-01-14,26.489999771118164,29.229999542236328,HFC
2021-01-15,29.0,28.209999084472656,HFC
2021-01-16,28.258570534842356,28.307141985212052,HFC
2021-01-17,28.35571343558175,28.40428488595145,HFC
2021-01-18,28.45285633632115,28.501427786690847,HFC
2021-01-19,28.549999237060547,29.520000457763672,HFC
2021-01-20,29.719999313354492,29.280000686645508,HFC
2021-01-21,29.079999923706055,28.68000030517578,HFC
2021-01-22,27.860000610351562,29.059999465942383,HFC
2021-01-23,28.953999710083007,28.84799995422363,HFC
2021-01-24,28.74200019836426,28.636000442504884,HFC
2021-01-25,28.530000686645508,30.1299991607666,HFC
2021-01-26,30.40999984741211,29.969999313354492,HFC
2021-01-27,29.489999771118164,30.8700008392334,HFC
2021-01-28,31.200000762939453,29.739999771118164,HFC
2021-01-29,29.459999084472656,28.459999084472656,HFC
2021-01-30,28.535999298095703,28.61199951171875,HFC
2021-01-31,28.687999725341797,28.763999938964844,HFC
2021-02-01,28.84000015258789,28.010000228881836,HFC
2021-02-02,28.729999542236328,28.239999771118164,HFC
2021-02-03,28.290000915527344,29.420000076293945,HFC
2021-02-04,29.770000457763672,30.09000015258789,HFC
2021-02-05,30.639999389648438,30.200000762939453,HFC
2021-02-06,30.28400077819824,30.368000793457032,HFC
2021-02-07,30.45200080871582,30.53600082397461,HFC
2021-02-08,30.6200008392334,31.93000030517578,HFC
2021-02-09,31.709999084472656,31.31999969482422,HFC
2021-02-10,31.31999969482422,31.729999542236328,HFC
2021-02-11,31.280000686645508,31.309999465942383,HFC
2021-02-12,30.93000030517578,31.75,HFC
2021-02-13,31.85000010899135,31.9500002179827,HFC
2021-02-14,32.05000032697405,32.1500004359654,HFC
2021-02-15,32.250000544956755,32.3500006539481,HFC
2021-02-16,32.45000076293945,33.349998474121094,HFC
2021-02-17,33.86000061035156,33.709999084472656,HFC
2021-02-18,33.52000045776367,33.31999969482422,HFC
2021-02-19,33.540000915527344,36.59000015258789,HFC
2021-02-20,36.61800003051758,36.645999908447266,HFC
2021-02-21,36.67399978637695,36.70199966430664,HFC
2021-02-22,36.72999954223633,37.900001525878906,HFC
2021-02-23,38.4900016784668,39.029998779296875,HFC
2021-02-24,39.08000183105469,38.45000076293945,HFC
2021-02-25,38.7400016784668,38.40999984741211,HFC
2021-02-26,37.54999923706055,37.880001068115234,HFC
2021-02-27,38.04800109863281,38.21600112915039,HFC
2021-02-28,38.38400115966797,38.55200119018555,HFC
2021-03-01,38.720001220703125,38.18000030517578,HFC
2021-03-02,38.0,36.97999954223633,HFC
2021-03-03,37.54999923706055,39.029998779296875,HFC
2021-03-04,39.310001373291016,38.9900016784668,HFC
2021-03-05,40.0,39.970001220703125,HFC
2021-03-06,40.072000885009764,40.1740005493164,HFC
2021-03-07,40.27600021362305,40.37799987792969,HFC
2021-03-08,40.47999954223633,40.630001068115234,HFC
2021-03-09,40.16999816894531,38.810001373291016,HFC
2021-03-10,38.90999984741211,40.970001220703125,HFC
2021-03-11,40.849998474121094,41.27000045776367,HFC
2021-03-12,41.619998931884766,41.040000915527344,HFC
2021-03-13,41.040000915527344,41.040000915527344,HFC
2021-03-14,41.040000915527344,41.040000915527344,HFC
2021-03-15,41.040000915527344,40.529998779296875,HFC
2021-03-16,39.81999969482422,39.060001373291016,HFC
2021-03-17,39.16999816894531,38.630001068115234,HFC
2021-03-18,38.349998474121094,36.0,HFC
2021-03-19,36.34000015258789,36.290000915527344,HFC
2021-03-20,36.242000579833984,36.194000244140625,HFC
2021-03-21,36.145999908447266,36.097999572753906,HFC
2021-03-22,36.04999923706055,35.849998474121094,HFC
2021-03-23,34.86000061035156,35.02000045776367,HFC
2021-03-24,35.900001525878906,35.72999954223633,HFC
2021-03-25,34.900001525878906,36.68000030517578,HFC
2021-03-26,37.61000061035156,36.93000030517578,HFC
2021-03-27,36.8,36.66999969482422,HFC
2021-03-28,36.539999389648436,36.40999908447266,HFC
2021-03-29,36.279998779296875,36.099998474121094,HFC
2021-03-30,35.900001525878906,36.04999923706055,HFC
2021-03-31,35.90999984741211,35.779998779296875,HFC
2021-04-01,35.97999954223633,38.02000045776367,HFC
2021-04-02,38.00714329310826,37.99428612845285,HFC
2021-04-03,37.981428963797434,37.96857179914202,HFC
2021-04-04,37.955714634486604,37.942857469831196,HFC
2021-04-05,37.93000030517578,36.9900016784668,HFC
2021-04-06,37.119998931884766,36.93000030517578,HFC
2021-04-07,36.810001373291016,36.849998474121094,HFC
2021-04-08,36.5099983215332,35.849998474121094,HFC
2021-04-09,35.91999816894531,35.16999816894531,HFC
2021-04-10,35.199998474121095,35.22999877929688,HFC
2021-04-11,35.25999908447265,35.289999389648436,HFC
2021-04-12,35.31999969482422,34.63999938964844,HFC
2021-04-13,34.5,34.63999938964844,HFC
2021-04-14,35.18000030517578,35.459999084472656,HFC
2021-04-15,35.34000015258789,35.40999984741211,HFC
2021-04-16,35.68000030517578,35.47999954223633,HFC
